baclofen-518bf599ac6ab35b4d48099f	60	66	ADR	 tired	baclofen	baclofen
baclofen-518bf599ac6ab35b4d48099f	67	73	ADR	sleepy	baclofen	baclofen
baclofen-518bf599ac6ab35b4d48099f	74	77	ADR	fog	baclofen	baclofen
baclofen-51905f6cac6ab35b4d483a24	69	75	ADR	gorked	baclofen	baclofen
baclofen-51ae70ba5378f924d02efb33	23	47	ADR	make me a bigger asshole	baclofen	baclofen
baclofen-51d51ca353785f584a9b07c2	114	122	ADR	dry nose	baclofen	baclofen
baclofen-51d51ca353785f584a9b07c2	125	131	ADR	throat	baclofen	baclofen
boniva-519055d4ac6ab35b4d4839c8	49	69	ADR	erectile dysfunction	boniva	boniva
boniva-51905682ac6ab35b4d4839d1	49	69	ADR	erectile dysfunction	boniva	boniva
boniva-51abd29553787e40790e07b4	27	36	ADR	halitosis	boniva	boniva
cipro-518e85b8ac6ab35b4d4827b7	59	66	ADR	disable	cipro	cipro
cipro-518e85b8ac6ab35b4d4827b7	127	135	ADR	crippled	cipro	cipro
cipro-51913bf5ac6ad74cd505f133	45	60	ADR	Felt like chemo	cipro	cipro
cipro-51ab07fc53787e40790e02c6	21	45	ADR	destroyed my entire body	cipro	cipro
cipro-51ab07fc53787e40790e02c6	66	75	ADR	Bedridden	cipro	cipro
cipro-51adcc105378f924d02ef47a	98	110	ADR	gastic upset	cipro	cipro
cipro-51ba0af35378b9555a2f2722	33	37	ADR	sick	cipro	cipro
cipro-51bdaf275378b9555a2f3804	68	73	ADR	dizzy	cipro	cipro
cipro-51bdaf275378b9555a2f3804	78	82	ADR	sick	cipro	cipro
cipro-51bdaf275378b9555a2f3804	91	99	ADR	crippled	cipro	cipro
cipro-51c87c0c53785f584a9ab5af	62	70	ADR	crippled	cipro	cipro
cipro-51c87c0c53785f584a9ab5af	112	115	Indication	UTI	cipro	cipro
cipro-51ca92e353785f584a9ac471	33	49	ADR	nearly killed me	cipro	cipro
cipro-51cc5b9153785f584a9ace64	10	18	ADR	allergic	cipro	cipro
cipro-51d5cae853785f584a9b0c36	83	89	ADR	nausea	cipro	cipro
cipro-51d9960953785f584a9b1a51	50	58	ADR	headache	cipro	cipro
cymbalta-518b9e21ac6ab35b4d4803cd	26	35	ADR	addictive	cymbalta	cymbalta
cymbalta-518c459bac6ab35b4d480e92	51	61	ADR	withdrawal	cymbalta	cymbalta
cymbalta-518fb190ac6ab35b4d48330a	100	111	ADR	no appetite	cymbalta	cymbalta
cymbalta-51901635ac6ab35b4d483729	68	84	ADR	could not orgasm	cymbalta	cymbalta
cymbalta-51912415ac6ab35b4d4843ac	115	139	ADR	raised my blood pressure	cymbalta	cymbalta
cymbalta-51a7e9b753787e40790deac3	59	62	ADR	nap	cymbalta	cymbalta
cymbalta-51a8493353787e40790dedfa	22	36	Indication	antidepressant	cymbalta	cymbalta
cymbalta-51a8493353787e40790dedfa	55	61	ADR	nausea	cymbalta	cymbalta
cymbalta-51a8493353787e40790dedfa	63	72	ADR	dry mouth	cymbalta	cymbalta
cymbalta-51a8493353787e40790dedfa	74	86	ADR	constipation	cymbalta	cymbalta
cymbalta-51a8493353787e40790dedfa	88	96	ADR	diarrhea	cymbalta	cymbalta
cymbalta-51a8493353787e40790dedfa	98	105	ADR	fatigue	cymbalta	cymbalta
cymbalta-51a8493353787e40790dedfa	113	132	ADR	THOUGHTS OF SUICIDE	cymbalta	cymbalta
cymbalta-51a978ff53787e40790df827	36	45	ADR	miserable	cymbalta	cymbalta
cymbalta-51a9802653787e40790df84e	9	19	ADR	withdrawal	cymbalta	cymbalta
cymbalta-51a9ed2f53787e40790dfb1d	57	62	ADR	tired	cymbalta	cymbalta
cymbalta-51ab654753787e40790e0495	41	51	ADR	exhausting	cymbalta	cymbalta
cymbalta-51abe47553787e40790e081c	75	87	ADR	slept 10 hrs	cymbalta	cymbalta
cymbalta-51aead545378f924d02efd7c	78	84	ADR	sweats	cymbalta	cymbalta
cymbalta-51aead545378f924d02efd7c	86	94	ADR	migraine	cymbalta	cymbalta
cymbalta-51aead545378f924d02efd7c	96	103	ADR	tremors	cymbalta	cymbalta
cymbalta-51b04a2c5378b9555a2ef2a2	18	25	ADR	thirsty	cymbalta	cymbalta
cymbalta-51b04a2c5378b9555a2ef2a2	48	70	ADR	mouth is painfully dry	cymbalta	cymbalta
cymbalta-51b04a2c5378b9555a2ef2a2	75	115	ADR	feels like the Sahara desert in my mouth	cymbalta	cymbalta
cymbalta-51b340335378b9555a2f05b2	21	29	ADR	hangover	cymbalta	cymbalta
cymbalta-51b3414a5378b9555a2f05c0	96	130	ADR	turn peaceful people into the hulk	cymbalta	cymbalta
cymbalta-51b3da255378b9555a2f08ea	52	71	ADR	feel sooooooo weird	cymbalta	cymbalta
cymbalta-51b4ef085378b9555a2f0cad	53	58	ADR	tired	cymbalta	cymbalta
cymbalta-51b4ef085378b9555a2f0cad	63	70	ADR	anxious	cymbalta	cymbalta
cymbalta-51b69d8e5378b9555a2f14b0	9	20	ADR	withdrawals	cymbalta	cymbalta
cymbalta-51b69d8e5378b9555a2f14b0	42	58	ADR	Head is spinning	cymbalta	cymbalta
cymbalta-51b69d8e5378b9555a2f14b0	60	78	ADR	Blood pressure low	cymbalta	cymbalta
cymbalta-51b7304e5378b9555a2f1725	54	80	ADR	appetite is still terrible	cymbalta	cymbalta
cymbalta-51b91b005378b9555a2f22cd	17	34	ADR	driving me insane	cymbalta	cymbalta
cymbalta-51ba95c75378b9555a2f2a46	34	45	ADR	withdrawal 	cymbalta	cymbalta
cymbalta-51ba96485378b9555a2f2a4b	48	58	ADR	withdrawal	cymbalta	cymbalta
duloxetine-518ca409ac6ab35b4d4812bc	63	74	ADR	asleep 24/7	duloxetine	duloxetine
duloxetine-51b112975378b9555a2ef7bf	78	82	ADR	rash	duloxetine	duloxetine
effexor-518bbb12ac6ab35b4d4805aa	68	77	ADR	back pain	effexor	effexor
effexor-518bbb12ac6ab35b4d4805aa	93	96	ADR	sad	effexor	lexapro
effexor-518bbb12ac6ab35b4d4805aa	101	107	ADR	crying	effexor	lexapro
effexor-518bbb12ac6ab35b4d4805aa	125	132	Drug	lexapro	effexor	effexor
effexor-518cf992ac6ab35b4d481652	34	47	ADR	jaw clenching	effexor	effexor
effexor-51a8b36953787e40790df10f	36	47	ADR	withdrawals	effexor	effexor
effexor-51a9351653787e40790df69e	71	81	ADR	withdrawls	effexor	effexor
effexor-51a9351653787e40790df69e	89	98	ADR	miserable	effexor	effexor
effexor-51a9351653787e40790df69e	118	123	ADR	angry	effexor	effexor
effexor-51a94c3153787e40790df711	59	75	ADR	LOSS OF APPETITE	effexor	effexor
effexor-51aa87b453787e40790dff5e	15	22	ADR	shaking	effexor	effexor
effexor-51ab1f3153787e40790e032e	54	89	ADR	feels like when you come off heroin	effexor	effexor
effexor-51ab7c9053787e40790e0528	46	51	ADR	dizzy	effexor	effexor
effexor-51ab7c9053787e40790e0528	56	63	ADR	wrecked	effexor	effexor
effexor-51abaedb53787e40790e068f	47	58	ADR	 withdrawal	effexor	effexor
effexor-51acc9c253787e40790e0d85	17	27	ADR	Brain Zaps	effexor	effexor
effexor-51ae5cef5378f924d02efa4a	42	48	ADR	hungry	effexor	effexor
effexor-51ae5cef5378f924d02efa4a	50	55	ADR	dizzy	effexor	effexor
effexor-51ae5cef5378f924d02efa4a	61	70	ADR	lethargic	effexor	effexor
effexor-51ae5cef5378f924d02efa4a	99	110	ADR	weight gain	effexor	effexor
effexor-51af0f925378f924d02f0101	17	23	Drug	Zoloft	effexor	effexor
effexor-51af0f925378f924d02f0101	51	59	ADR	suicidal	effexor	Zoloft
effexor-51af0f925378f924d02f0101	91	95	ADR	numb	effexor	effexor
effexor-51af5b7c5378f924d02f03c9	8	18	ADR	withdrawal	effexor	effexor
effexor-51b05ba85378b9555a2ef2f0	36	47	ADR	Sleep cycle	effexor	effexor
effexor-51b05ba85378b9555a2ef2f0	52	59	ADR	quality	effexor	effexor
effexor-51b07e9b5378b9555a2ef3b9	0	18	ADR	Stomach discomfort	effexor	effexor
effexor-51b07e9b5378b9555a2ef3b9	20	27	ADR	flushed	effexor	effexor
effexor-51b07e9b5378b9555a2ef3b9	29	37	ADR	sweating	effexor	effexor
effexor-51b07e9b5378b9555a2ef3b9	45	48	ADR	jaw	effexor	effexor
effexor-51b39ace5378b9555a2f080c	29	44	ADR	kills my libido	effexor	effexor
effexor-51b8d2425378b9555a2f2130	22	34	ADR	boner killer	effexor	effexor
effexor-51bc034b5378b9555a2f31f9	9	14	ADR	shaky	effexor	effexor
effexor-51be13005378b9555a2f39d1	52	62	ADR	Brain zaps	effexor	effexor
effexor-51bf2f545378b9555a2f3f55	77	97	ADR	descent into madness	effexor	effexor
effexor-51bf9d7e5378b9555a2f4231	0	8	ADR	Headache	effexor	effexor
effexor-51bf9d7e5378b9555a2f4231	15	27	ADR	stomach ache	effexor	effexor
effexor-51c2b21653785f584a9a846d	46	56	Drug	citalopram	effexor	effexor
effexor-51c2b21653785f584a9a846d	61	76	ADR	stopped working	effexor	effexor
effexor-51c49c9553785f584a9a8f55	95	109	ADR	ability to cum	effexor	effexor
effexor-51c5729953785f584a9a945a	28	44	ADR	sucidal thoughts	effexor	effexor
effexor-51c5729953785f584a9a945a	47	55	ADR	insomnia	effexor	effexor
effexor-51c5729953785f584a9a945a	58	70	ADR	feeling high	effexor	effexor
effexor-51c5729953785f584a9a945a	77	90	ADR	unresponsible	effexor	effexor
effexor-51c5729953785f584a9a945a	93	102	ADR	Dry mouth	effexor	effexor
effexor-51c5d11853785f584a9a9c5f	67	83	ADR	gained 80 pounds	effexor	effexor
effexor-51c611fb53785f584a9aa00f	12	18	ADR	dreams	effexor	effexor
effexor-51c6268253785f584a9aa0d3	42	72	ADR	not making me feel so awesome.	effexor	effexor
effexor-51c7aaba53785f584a9aae74	24	34	ADR	withdrawal	effexor	effexor
effexor-51c85cfe53785f584a9ab461	5	29	ADR	discontinuation syndrome	effexor	effexor
effexor-51c85cfe53785f584a9ab461	127	137	Indication	depression	effexor	effexor
effexor-51cbf66f53785f584a9acc2d	20	29	ADR	withdrawl	effexor	effexor
effexor-51cbf66f53785f584a9acc2d	116	129	ADR	memory damage	effexor	effexor
effexor-51cd11eb53785f584a9ad256	20	61	ADR	falling into a realm of utter disillusion	effexor	effexor
effexor-51cf96a253785f584a9ae194	130	134	ADR	sick	effexor	effexor
effexor-51d0f80c53785f584a9ae9b7	51	60	ADR	depressed	effexor	effexor
effexor-51d0f80c53785f584a9ae9b7	70	78	ADR	suicidal	effexor	effexor
effexor-51d1178053785f584a9aead5	16	27	ADR	withdrawals	effexor	effexor
effexor-51d1178053785f584a9aead5	57	78	ADR	don't have the energy	effexor	effexor
effexor-51d7949453785f584a9b13eb	45	52	Indication	anxiety	effexor	effexor
effexor-51d7949453785f584a9b13eb	89	99	ADR	heart rate	effexor	effexor
effexor-51e9cf8d5378704aae8929ac	19	33	ADR	Dilated pupils	effexor	effexor
effexor-51e9cf8d5378704aae8929ac	38	51	ADR	blurry vision	effexor	effexor
effexor-51e9cf8d5378704aae8929ac	56	62	ADR	nausea	effexor	effexor
effexor-51e9cf8d5378704aae8929ac	67	76	ADR	headaches	effexor	effexor
enbrel-51ade60e5378f924d02ef547	67	78	Drug	leflunomide	enbrel	enbrel
enbrel-51ade60e5378f924d02ef547	105	118	ADR	tummy trouble	enbrel	leflunomide
enbrel-51b909c15378b9555a2f2282	67	69	Indication	RA	enbrel	enbrel
enbrel-51b909c15378b9555a2f2282	127	140	ADR	stop breathin	enbrel	enbrel
enbrel-51c75ade53785f584a9aab9a	18	36	ADR	allergic reaction 	enbrel	enbrel
enbrel-51d3237153785f584a9afb10	28	32	ADR	acne	enbrel	enbrel
enbrel-51d3237153785f584a9afb10	69	87	Indication	autoimmune disease	enbrel	enbrel
enbrel-51db13ad53785f584a9b21c3	11	26	ADR	stopped working	enbrel	enbrel
fluoxetine-51757e37ac6a202953c76470	32	43	ADR	gain weight	fluoxetine	fluoxetine
fluoxetine-5179c40fac6af778c2038394	52	67	ADR	awake all night	fluoxetine	fluoxetine
fluoxetine-5179c40fac6af778c2038394	72	83	ADR	feeling ill	fluoxetine	fluoxetine
fluoxetine-517bb6d3ac6af778c203995f	42	68	ADR	feeling like absolute shit	fluoxetine	fluoxetine
fluoxetine-517d7d6fac6af778c203af6b	68	74	ADR	shakes	fluoxetine	fluoxetine
fluoxetine-517fb9b5ac6af778c203ea8c	128	140	ADR	space me out	fluoxetine	fluoxetine
fluoxetine-51814c2bac6af778c2041d34	87	93	ADR	tiered	fluoxetine	fluoxetine
fluoxetine-51827b55ac6a942006b381b3	72	77	ADR	shaky	fluoxetine	fluoxetine
fluoxetine-51827b55ac6a942006b381b3	82	87	ADR	tired	fluoxetine	fluoxetine
fluoxetine-51827b55ac6a942006b381b3	111	121	ADR	withdrawal	fluoxetine	fluoxetine
fluoxetine-51841634ac6a942006b396ad	89	114	ADR	plot to steal my thoughts	fluoxetine	fluoxetine
fluoxetine-51863f90ac6a942006b3abaa	114	124	ADR	bad dreams	fluoxetine	fluoxetine
fluoxetine-518689ebac6a942006b3b2dc	86	90	Indication	mood	fluoxetine	fluoxetine
fluoxetine-518689ebac6a942006b3b2dc	103	108	ADR	vomit	fluoxetine	fluoxetine
fluoxetine-518689ebac6a942006b3b2dc	119	131	ADR	lost 4 stone	fluoxetine	fluoxetine
fluoxetine-518cb3c0ac6ab35b4d481361	88	96	ADR	sleepies	fluoxetine	fluoxetine
fluoxetine-518d7281ac6ab35b4d481cd6	37	51	ADR	knocked me out	fluoxetine	fluoxetine
fluoxetine-518f1ffaac6ab35b4d482e5f	73	78	ADR	dizzy	fluoxetine	fluoxetine
fluoxetine-518f1ffaac6ab35b4d482e5f	83	88	ADR	tired	fluoxetine	fluoxetine
fluoxetine-51903776ac6ab35b4d483870	23	31	ADR	sweating	fluoxetine	fluoxetine
fluoxetine-5190c276ac6ab35b4d483eae	72	85	ADR	panic attacks	fluoxetine	fluoxetine
fluoxetine-51a8a08053787e40790df063	65	79	Indication	antidepressant	fluoxetine	fluoxetine
fluoxetine-51a8a08053787e40790df063	91	108	ADR	suicidal thoughts	fluoxetine	fluoxetine
fluoxetine-51a8a08053787e40790df063	113	135	ADR	stops you from jizzing	fluoxetine	fluoxetine
fluoxetine-51aab41a53787e40790e00d3	70	78	ADR	suicidal	fluoxetine	fluoxetine
fluoxetine-51b06a045378b9555a2ef352	127	134	ADR	fatigue	fluoxetine	fluoxetine
fluoxetine-51b446e25378b9555a2f0a41	91	101	ADR	withdrawal	fluoxetine	fluoxetine
fluoxetine-51bcf62a5378b9555a2f35ed	114	124	ADR	joint pain	fluoxetine	fluoxetine
fluoxetine-51c5939c53785f584a9a94f9	59	67	ADR	reaction	fluoxetine	fluoxetine
fluoxetine-51c6197453785f584a9aa064	30	46	ADR	Killed my libido	fluoxetine	fluoxetine
fluoxetine-51c9f19a53785f584a9ac0e2	64	72	ADR	reaction	fluoxetine	fluoxetine
fluoxetine-51cb76d453785f584a9ac8ff	27	42	ADR	want to be sick	fluoxetine	fluoxetine
fluoxetine-51cb811553785f584a9ac925	43	67	ADR	dead from the waist down	fluoxetine	fluoxetine
fluoxetine-51cc909853785f584a9acf80	29	38	ADR	headaches	fluoxetine	fluoxetine
fluoxetine-51cc909853785f584a9acf80	52	56	ADR	yawn	fluoxetine	fluoxetine
fluoxetine-51d1386253785f584a9aec0f	25	30	ADR	crazy	fluoxetine	fluoxetine
geodon-51c18d1753785f584a9a7c29	12	18	ADR	puking	geodon	geodon
geodon-51c18d1753785f584a9a7c29	28	36	ADR	headache	geodon	geodon
geodon-51c18d1753785f584a9a7c29	45	58	ADR	throat is raw	geodon	geodon
humira-51ad2d195378f924d02eefb4	24	29	ADR	tired	humira	humira
humira-51ad673d5378f924d02ef1b1	52	67	ADR	stopped working	humira	humira
humira-51aea2bb5378f924d02efcff	4	25	ADR	loosing so much blood	humira	humira
humira-51b123f35378b9555a2ef827	11	18	ADR	painful	humira	humira
humira-51b73ce15378b9555a2f1755	55	60	ADR	bloat	humira	humira
humira-51b8af655378b9555a2f200a	41	65	ADR	urinary track infections	humira	humira
humira-51b8eebf5378b9555a2f21e3	57	62	ADR	tired	humira	Remicade
humira-51b8eebf5378b9555a2f21e3	84	92	Drug	Remicade	humira	humira
humira-51bb8ca55378b9555a2f305d	41	47	ADR	nuasea	humira	humira
humira-51bb8ca55378b9555a2f305d	52	66	ADR	low grade temp	humira	humira
humira-51c1fb3d53785f584a9a7f19	90	96	ADR	BURNED	humira	humira
humira-51c8067153785f584a9ab1b4	112	129	ADR	knocking me about	humira	humira
humira-51c868e753785f584a9ab4f3	6	16	ADR	pooped out	humira	humira
humira-51c93d5753785f584a9abd0e	84	94	ADR	joint pain	humira	humira
humira-51cb824753785f584a9ac931	52	84	ADR	doesn't even work for me anymore	humira	humira
humira-51cb824753785f584a9ac931	111	115	ADR	sick	humira	humira
humira-51ce7b2a53785f584a9ada67	44	48	ADR	sick	humira	humira
humira-51ce7b2a53785f584a9ada67	50	58	Drug	Remicade	humira	humira
humira-51ce7b2a53785f584a9ada67	82	90	ADR	seizures	humira	Remicade
humira-51ce986853785f584a9adb32	63	67	ADR	pain	humira	humira
humira-51d0c66c53785f584a9ae7e4	15	28	ADR	BURN MY VEINS	humira	humira
humira-51d0c86a53785f584a9ae7fc	3	7	ADR	pain	humira	humira
humira-51d0c86a53785f584a9ae7fc	39	48	Indication	arthritis	humira	humira
humira-51d0e54353785f584a9ae8ed	38	55	ADR	respiratory probs	humira	humira
humira-51d0e56a53785f584a9ae8ef	62	78	ADR	chest infections	humira	humira
lamictal-518daeb1ac6ab35b4d481f46	49	56	Drug	Topomax	lamictal	lamictal
lamictal-518daeb1ac6ab35b4d481f46	75	86	ADR	parasthesia	lamictal	Topomax
lamictal-518daeb1ac6ab35b4d481f46	88	106	ADR	cognitive problems	lamictal	Topomax
lamictal-518daeb1ac6ab35b4d481f46	108	121	ADR	kidney stones	lamictal	Topomax
lamictal-51a93f6b53787e40790df6ca	53	61	ADR	feel hot	lamictal	lamictal
lamictal-51a93f6b53787e40790df6ca	99	107	ADR	sweating	lamictal	lamictal
lamictal-51ad017f5378f924d02eee1c	56	63	ADR	anxious	lamictal	lamictal
lamictal-51ad017f5378f924d02eee1c	68	77	ADR	insomniac	lamictal	lamictal
lamictal-51ad017f5378f924d02eee1c	106	115	Indication	depressed	lamictal	lamictal
lamictal-51ad6d4d5378f924d02ef1ea	37	44	Indication	anxiety	lamictal	lamictal
lamictal-51ad6d4d5378f924d02ef1ea	65	73	ADR	allergic	lamictal	lamictal
lamictal-51ad6d4d5378f924d02ef1ea	114	117	ADR	SJS	lamictal	lamictal
lamictal-51ae1d255378f924d02ef785	11	14	ADR	ADD	lamictal	lamictal
lamictal-51ae1d255378f924d02ef785	39	45	ADR	memory	lamictal	lamictal
lamictal-51ae1d255378f924d02ef785	46	63	ADR	attention-killing	lamictal	lamictal
lamictal-51ae1d255378f924d02ef785	109	116	Indication	bipolar	lamictal	lamictal
lamictal-51b43e585378b9555a2f0a26	4	16	ADR	restlessness	lamictal	lamictal
lamictal-51b43e585378b9555a2f0a26	21	29	ADR	insomnia	lamictal	lamictal
lamictal-51bad1e75378b9555a2f2bc3	45	49	ADR	flat	lamictal	lamictal
lamictal-51c269e053785f584a9a8244	36	47	ADR	skin issues	lamictal	lamictal
lamictal-51c6582353785f584a9aa276	9	19	ADR	withdrawal	lamictal	lamictal
lamictal-51c6582353785f584a9aa276	29	37	ADR	STARVING	lamictal	lamictal
lamictal-51d3283853785f584a9afb4e	28	34	ADR	sleepy	lamictal	lamictal
lamotrigine-517838c9ac6af778c203715c	76	93	ADR	fewer hours sleep	lamotrigine	lamotrigine
lamotrigine-517d3e2bac6af778c203ac71	34	43	ADR	Exhausted	lamotrigine	lamotrigine
lamotrigine-517d3e2bac6af778c203ac71	48	54	ADR	grumpy	lamotrigine	lamotrigine
lamotrigine-5180d4fcac6af778c20417a7	75	80	ADR	tummy	lamotrigine	lamotrigine
lamotrigine-5180d4fcac6af778c20417a7	82	91	ADR	tiredness	lamotrigine	lamotrigine
lamotrigine-5180d4fcac6af778c20417a7	101	113	ADR	disconnected	lamotrigine	lamotrigine
lamotrigine-51816496ac6af778c2041e64	63	73	ADR	joint pain	lamotrigine	lamotrigine
lamotrigine-518691faac6a942006b3b3ce	50	58	ADR	dyslexic	lamotrigine	lamotrigine
lamotrigine-518e2ec6ac6ab35b4d4823af	7	28	ADR	dreadful nights sleep	lamotrigine	lamotrigine
lamotrigine-518e2ec6ac6ab35b4d4823af	30	40	ADR	joint pain	lamotrigine	lamotrigine
lamotrigine-518e3788ac6ab35b4d4823fe	43	47	ADR	pain	lamotrigine	lamotrigine
lamotrigine-518e3788ac6ab35b4d4823fe	78	88	ADR	poor sleep	lamotrigine	lamotrigine
lamotrigine-518e3b85ac6ab35b4d48242e	59	63	ADR	pain	lamotrigine	lamotrigine
lamotrigine-518e3b85ac6ab35b4d48242e	79	94	Indication	anti-depressant	lamotrigine	lamotrigine
lamotrigine-51aa42e553787e40790dfd56	93	97	ADR	cry 	lamotrigine	lamotrigine
lamotrigine-51abc4a953787e40790e073f	13	22	ADR	headaches	lamotrigine	lamotrigine
lamotrigine-51b94b8a5378b9555a2f23be	17	37	ADR	staying up all night	lamotrigine	lamotrigine
lamotrigine-51bb29665378b9555a2f2da8	114	139	ADR	tipped me to a dark place	lamotrigine	lamotrigine
lamotrigine-51c8618c53785f584a9ab491	94	98	ADR	rash	lamotrigine	lamotrigine
lamotrigine-51dadf8153785f584a9b2047	50	63	ADR	night terrors	lamotrigine	lamotrigine
lamotrigine-51daf60753785f584a9b20ad	85	89	ADR	sick	lamotrigine	lamotrigine
lamotrigine-51daf60753785f584a9b20ad	103	115	Indication	moods stable	lamotrigine	lamotrigine
levaquin-518d891bac6ab35b4d481e06	32	53	ADR	vasovagal pre-syncope	levaquin	levaquin
levaquin-518d891bac6ab35b4d481e06	68	76	ADR	toxicity	levaquin	levaquin
levaquin-518d891bac6ab35b4d481e06	78	92	ADR	Hard to digest	levaquin	levaquin
levaquin-51a960f853787e40790df788	33	39	Drug	ambien	levaquin	levaquin
levaquin-51a960f853787e40790df788	39	48	ADR	withdrawl	levaquin	levaquin
levaquin-51b41ff75378b9555a2f09cc	45	62	ADR	pain in my joints	levaquin	levaquin
levaquin-51cf4b2053785f584a9ae001	25	34	ADR	headaches	levaquin	levaquin
levaquin-51cf4b2053785f584a9ae001	36	44	ADR	Vomiting	levaquin	levaquin
levaquin-51cf4b2053785f584a9ae001	46	54	ADR	Diarrhea	levaquin	levaquin
lozenge-51880d68ac6a942006b3cf05	48	54	ADR	nausea	lozenge	lozenge
lozenge-51c853eb53785f584a9ab403	93	102	ADR	addiction	lozenge	lozenge
metoprolol-51abe5e853787e40790e0828	12	20	ADR	allergic	metoprolol	metoprolol
metoprolol-51abe5e853787e40790e0828	40	45	ADR	Rash 	metoprolol	metoprolol
metoprolol-51abe5e853787e40790e0828	57	75	ADR	Needing my inhaler	metoprolol	metoprolol
metoprolol-51c763f553785f584a9aabed	49	61	ADR	crazy dreams	metoprolol	metoprolol
metoprolol-51d82bc253785f584a9b155b	63	73	ADR	chest pain	metoprolol	metoprolol
nicotine-51a5c4835378d08eec906913	9	17	ADR	headache	nicotine	nicotine
nicotine-51a632555378d08eec906c8c	72	81	ADR	addiction	nicotine	nicotine
nicotine-51a6347b5378d08eec906c9b	80	94	ADR	stuffy sinuses	nicotine	nicotine
nicotine-51a6347b5378d08eec906c9b	108	117	ADR	addiction	nicotine	nicotine
nicotine-51a669e25378d08eec906e55	17	60	ADR	DRIVING MY FUCKING MIND UP THE FUCKING WALL	nicotine	nicotine
nicotine-51a761d35378d08eec907539	38	46	ADR	addicted	nicotine	nicotine
nicotine-51a7bf205378d3291bdcefc8	66	75	ADR	addiction	nicotine	nicotine
nicotine-51a7c3f15378d3291bdceff6	93	109	ADR	rip out my teeth	nicotine	nicotine
nicotine-51a7e58853787e40790deaa8	23	33	ADR	withdrawal	nicotine	nicotine
nicotine-51a7eada53787e40790deacf	19	29	ADR	cant sleep	nicotine	nicotine
nicotine-51a7eada53787e40790deacf	60	67	ADR	craving	nicotine	nicotine
nicotine-51a7ebce53787e40790deaf7	34	42	ADR	withdraw	nicotine	nicotine
nicotine-51a7f82253787e40790deb6c	9	20	ADR	withdrawals	nicotine	nicotine
nicotine-51a8053b53787e40790debde	71	79	ADR	addicted	nicotine	nicotine
nicotine-51a8090153787e40790dec01	27	38	ADR	 withdrawls	nicotine	nicotine
nicotine-51a8118653787e40790dec4b	9	19	ADR	withdrawal	nicotine	nicotine
nicotine-51a8183353787e40790dec88	11	19	ADR	addicted	nicotine	nicotine
nicotine-51a81d7253787e40790decbe	21	37	ADR	going to my head	nicotine	nicotine
nicotine-51a82c1053787e40790ded23	0	8	ADR	addicted	nicotine	nicotine
nicotine-51a82e6053787e40790ded3f	9	20	ADR	withdrawals	nicotine	nicotine
nicotine-51a82e6053787e40790ded3f	46	54	ADR	headache	nicotine	nicotine
nicotine-51a82e6053787e40790ded3f	56	65	ADR	irritable	nicotine	nicotine
nicotine-51a83ac553787e40790ded94	94	105	ADR	 withdrawal	nicotine	nicotine
nicotine-51a83ac553787e40790ded95	28	55	ADR	moods are void of stability	nicotine	nicotine
nicotine-51a8484b53787e40790dedf7	18	26	ADR	migraine	nicotine	nicotine
nicotine-51a8484b53787e40790dedf7	107	118	ADR	withdrawals	nicotine	nicotine
nicotine-51a84f2453787e40790dee12	29	34	ADR	sleep	nicotine	nicotine
nicotine-51d67df953785f584a9b1041	45	54	ADR	addiction	nicotine	nicotine
ofloxacin-518559d1ac6a942006b3a1f3	37	45	ADR	allergic	ofloxacin	ofloxacin
ofloxacin-51b34d5c5378b9555a2f0648	9	19	ADR	depression	ofloxacin	ofloxacin
ofloxacin-51d1a07e53785f584a9aef60	30	55	ADR	barely able to stay awake	ofloxacin	ofloxacin
olanzapine-5178db8cac6af778c20378e2	36	47	ADR	weight gain	olanzapine	olanzapine
olanzapine-517a8eb5ac6af778c2038b78	64	82	ADR	put much weight on	olanzapine	olanzapine
olanzapine-517d01c1ac6af778c203aa02	42	54	ADR	oversleeping	olanzapine	olanzapine
olanzapine-517d01c1ac6af778c203aa02	59	69	ADR	overeating	olanzapine	olanzapine
olanzapine-5182a7ccac6a942006b383dd	101	104	ADR	fat	olanzapine	olanzapine
olanzapine-518412d2ac6a942006b39688	52	60	ADR	munchies	olanzapine	olanzapine
olanzapine-51854b59ac6a942006b3a155	46	54	ADR	munchies	olanzapine	olanzapine
olanzapine-518557d4ac6a942006b3a1d9	89	95	ADR	nausea	olanzapine	amisulpride
olanzapine-518557d4ac6a942006b3a1d9	100	109	ADR	akathisia	olanzapine	amisulpride
olanzapine-5187d32fac6a942006b3cc9f	68	76	ADR	munchies	olanzapine	olanzapine
olanzapine-5187d32fac6a942006b3cc9f	98	140	ADR	not being able to fit into summer wardrobe	olanzapine	olanzapine
olanzapine-518b8256ac6ab35b4d480250	40	53	ADR	put on weight	olanzapine	olanzapine
olanzapine-51a84f6953787e40790dee15	116	124	ADR	sluggish	olanzapine	olanzapine
olanzapine-51a9c94653787e40790df9bd	0	36	ADR	going off of olanzapine is no picnic	olanzapine	olanzapine
olanzapine-51ab1f3153787e40790e032f	96	121	ADR	weight still keeps coming	olanzapine	olanzapine
olanzapine-51ab8a4c53787e40790e0596	104	121	ADR	look like a whale	olanzapine	olanzapine
olanzapine-51ab913c53787e40790e05bc	83	97	ADR	olanzapine lbs	olanzapine	olanzapine
olanzapine-51aefa4c5378f924d02f0055	74	101	ADR	interfering with my visions	olanzapine	olanzapine
olanzapine-51aefa4c5378f924d02f0055	119	130	ADR	memory loss	olanzapine	olanzapine
olanzapine-51af0ed25378f924d02f00fa	41	47	ADR	drowsy	olanzapine	olanzapine
olanzapine-51af0ed25378f924d02f00fa	49	60	ADR	weight gain	olanzapine	olanzapine
olanzapine-51af0ed25378f924d02f00fa	88	95	Indication	anxiety	olanzapine	olanzapine
olanzapine-51afa24f5378b9555a2eeece	118	139	ADR	difficult to come off	olanzapine	olanzapine
olanzapine-51b5e3785378b9555a2f1042	62	72	ADR	weightgain	olanzapine	olanzapine
olanzapine-51b788b15378b9555a2f18af	71	76	ADR	sloth	olanzapine	olanzapine
olanzapine-51b788b15378b9555a2f18af	77	88	ADR	weight gain	olanzapine	olanzapine
olanzapine-51bc04645378b9555a2f3206	42	55	ADR	gained weight	olanzapine	olanzapine
olanzapine-51d0a5ad53785f584a9ae6b5	33	40	ADR	crazier	olanzapine	olanzapine
olanzapine-51d34a7a53785f584a9afc60	45	56	ADR	raging bm's	olanzapine	olanzapine
olanzapine-51d34a7a53785f584a9afc60	58	69	ADR	mood swings	olanzapine	olanzapine
olanzapine-51d34a7a53785f584a9afc60	74	85	ADR	weight gain	olanzapine	olanzapine
paroxetine-517c5d6fac6af778c203a09b	21	32	ADR	withdrawals	paroxetine	paroxetine
paroxetine-51801bebac6af778c2040066	91	104	Indication	panic attacks	paroxetine	paroxetine
paroxetine-51801bebac6af778c2040066	110	114	ADR	fat.	paroxetine	paroxetine
paroxetine-518ff6daac6ab35b4d483604	74	85	ADR	weight gain	paroxetine	paroxetine
paroxetine-51a82b2053787e40790ded1b	55	68	ADR	coming off it	paroxetine	paroxetine
paroxetine-51d49afc53785f584a9b03cc	74	88	ADR	behaving oddly	paroxetine	paroxetine
paxil-518a2046ac6a942006b3e8aa	80	88	ADR	INSOMNIA	paxil	paxil
paxil-51906281ac6ab35b4d483a4d	26	34	ADR	allergic	paxil	paxil
paxil-51906281ac6ab35b4d483a4d	65	69	ADR	puke	paxil	paxil
paxil-519bfea5ac6af7f8f08011fa	31	48	ADR	gained over 30lbs	paxil	paxil
paxil-519bfea5ac6af7f8f08011fa	108	116	ADR	appetite	paxil	paxil
paxil-51a8814253787e40790def74	68	93	ADR	sleeping 12 hours a night	paxil	paxil
paxil-51a8814253787e40790def74	100	124	ADR	falling asleep every day	paxil	paxil
paxil-51a8996853787e40790df014	59	70	ADR	weight gain	paxil	paxil
paxil-51ae75665378f924d02efb5e	14	49	ADR	gained a good seven or eight pounds	paxil	paxil
paxil-51afe5c35378b9555a2ef059	90	94	ADR	sick	paxil	paxil
paxil-51b4999e5378b9555a2f0b5e	86	90	Indication	mood	paxil	paxil
paxil-51b4999e5378b9555a2f0b5e	95	102	Indication	anxiety	paxil	paxil
paxil-51b4999e5378b9555a2f0b5e	115	122	ADR	vertigo	paxil	paxil
paxil-51ba610e5378b9555a2f2939	68	86	ADR	gained over 20 lbs	paxil	paxil
paxil-51bcac7e5378b9555a2f3477	7	17	ADR	nightmares	paxil	paxil
paxil-51be88ae5378b9555a2f3ce6	76	85	ADR	depressed	paxil	paxil
paxil-51c1ef1853785f584a9a7ed5	67	74	ADR	wrecked	paxil	paxil
paxil-51c67d2553785f584a9aa3d3	56	63	Drug	effexor	paxil	paxil
paxil-51c67d2553785f584a9aa3d3	69	78	ADR	headaches	paxil	effexor
paxil-51c879bf53785f584a9ab58b	40	58	Indication	depressed thoughts	paxil	paxil
paxil-51c879bf53785f584a9ab58b	89	100	ADR	no feelings	paxil	paxil
paxil-51c91e3353785f584a9abbf7	83	87	ADR	sick	paxil	paxil
paxil-51c946c253785f584a9abd4e	73	83	ADR	withdrawal	paxil	paxil
paxil-51c9ecd253785f584a9ac0c4	26	35	ADR	withdrawl	paxil	paxil
paxil-51ca0f9f53785f584a9ac1a1	63	72	ADR	emotional	paxil	paxil
paxil-51ca4aef53785f584a9ac2d9	22	38	ADR	working any more	paxil	paxil
paxil-51caf6ad53785f584a9ac64f	37	47	Indication	depression	paxil	paxil
paxil-51caf6ad53785f584a9ac64f	77	97	ADR	gain unwanted pounds	paxil	paxil
paxil-51caf6ad53785f584a9ac64f	102	114	ADR	water weight	paxil	paxil
paxil-51cbf6de53785f584a9acc31	106	116	ADR	withdrawn 	paxil	paxil
paxil-51cd189553785f584a9ad281	17	33	ADR	making me stupid	paxil	paxil
paxil-51d09a2b53785f584a9ae657	44	53	ADR	depressed	paxil	paxil
paxil-51d09a2b53785f584a9ae657	58	64	Drug	prozac	paxil	paxil
paxil-51d09a2b53785f584a9ae657	73	78	ADR	angry	paxil	paxil
paxil-51d0b80753785f584a9ae75f	31	37	ADR	orgasm	paxil	paxil
paxil-51d0b92953785f584a9ae76d	12	21	ADR	ejaculate	paxil	paxil
paxil-51d0b92953785f584a9ae76d	34	49	Indication	antidepressants	paxil	paxil
paxil-51d17a5053785f584a9aee4e	48	58	Indication	depression	paxil	paxil
paxil-51d17a5053785f584a9aee4e	63	80	Indication	suicidal thoughts	paxil	paxil
paxil-51d17a5053785f584a9aee4e	104	113	ADR	depressed	paxil	paxil
paxil-51d3d25953785f584a9aff16	14	30	ADR	NOT LET ME SLEEP	paxil	paxil
paxil-51d5916053785f584a9b0aff	83	100	ADR	psychotic episode	paxil	paxil
paxil-51d5b54953785f584a9b0bd5	87	96	ADR	impotency	paxil	paxil
paxil-51d8195053785f584a9b1527	76	98	ADR	value your brain cells	paxil	paxil
paxil-51da3dbb53785f584a9b1e31	41	58	ADR	impossible to cry	paxil	paxil
paxil-51db92b253785f584a9b2408	33	44	ADR	withdrawals	paxil	paxil
paxil-51db92b253785f584a9b2408	65	85	ADR	loss of circulation 	paxil	paxil
paxil-51e9be015378704aae89297f	80	94	ADR	face break out	paxil	paxil
paxil-51e9bf395378704aae892985	10	18	ADR	allergic	paxil	paxil
paxil-51e9bf395378704aae892985	78	92	ADR	face break out	paxil	paxil
pregabalin-518ecff0ac6ab35b4d482ac4	27	33	Drug	Prozac	pregabalin	pregabalin
pregabalin-518ecff0ac6ab35b4d482ac4	40	60	ADR	ruined my creativity	pregabalin	Prozac
pregabalin-518ecff0ac6ab35b4d482ac4	70	76	ADR	memory	pregabalin	pregabalin
pristiq-51aea9545378f924d02efd35	102	115	ADR	random crying	pristiq	pristiq
pristiq-51b151f35378b9555a2ef8f9	30	37	Drug	Lexapro	pristiq	pristiq
pristiq-51b151f35378b9555a2ef8f9	56	70	ADR	mixed episodes	pristiq	Lexapro
pristiq-51b151f35378b9555a2ef8f9	84	95	ADR	instability	pristiq	pristiq
pristiq-51b414945378b9555a2f09ac	62	71	ADR	brain zap	pristiq	pristiq
pristiq-51b414945378b9555a2f09ac	74	80	ADR	twitch	pristiq	pristiq
pristiq-51c69ee453785f584a9aa4f8	24	35	ADR	withdrawals	pristiq	pristiq
pristiq-51d13e7553785f584a9aec45	16	26	ADR	withdrawal	pristiq	pristiq
pristiq-51d13e7553785f584a9aec45	39	60	ADR	eyeballs make a sound	pristiq	pristiq
pristiq-51d1771953785f584a9aee30	47	58	ADR	withdrawals	pristiq	pristiq
prozac-518a634bac6a942006b3eb89	116	122	ADR	zombie	prozac	prozac
prozac-518a6a07ac6a942006b3ebce	20	25	ADR	drunk	prozac	prozac
prozac-51a8119d53787e40790dec4c	17	29	ADR	no legit sex	prozac	prozac
prozac-51a89ada53787e40790df023	38	43	ADR	dream	prozac	prozac
prozac-51a8e69653787e40790df2e4	33	38	ADR	antsy	prozac	prozac
prozac-51abead453787e40790e0850	24	38	ADR	destroy myself	prozac	prozac
prozac-51ad20205378f924d02eef2d	65	71	ADR	zombie	prozac	prozac
prozac-51ad92775378f924d02ef328	60	70	ADR	withdrawal	prozac	prozac
prozac-51ada7155378f924d02ef3af	40	43	ADR	nap	prozac	prozac
prozac-51ae1e775378f924d02ef790	44	50	ADR	scared	prozac	prozac
prozac-51ae1e775378f924d02ef790	90	112	ADR	need to save the world	prozac	prozac
quetiapine-51767682ac6a202953c770ad	39	52	ADR	added 1 stone	quetiapine	quetiapine
quetiapine-5176e582ac6af778c2036114	2	5	ADR	ate	quetiapine	quetiapine
quetiapine-5177043bac6af778c2036301	31	52	ADR	horrid imposing dream	quetiapine	quetiapine
quetiapine-5177043bac6af778c2036301	89	96	Indication	Bipolar	quetiapine	quetiapine
quetiapine-517794b4ac6af778c20369c7	36	42	ADR	drowsy	quetiapine	quetiapine
quetiapine-517837a0ac6af778c203714f	47	62	ADR	sleep paralysis	quetiapine	quetiapine
quetiapine-517ed18fac6af778c203d950	46	52	ADR	hunger	quetiapine	quetiapine
quetiapine-517ed18fac6af778c203d950	57	65	ADR	cravings	quetiapine	quetiapine
quetiapine-5180fe4aac6af778c2041913	93	99	ADR	drowsy	quetiapine	quetiapine
quetiapine-518133dbac6af778c2041b8d	105	115	Drug	citalopram	quetiapine	quetiapine
quetiapine-518133dbac6af778c2041b8d	128	133	ADR	manic	quetiapine	citalopram
quetiapine-51877652ac6a942006b3c7b0	18	31	ADR	feeling weird	quetiapine	quetiapine
quetiapine-5187f952ac6a942006b3ce19	41	62	ADR	breastmilk production	quetiapine	quetiapine
quetiapine-5187f952ac6a942006b3ce19	89	103	ADR	hallucinations	quetiapine	valproate
quetiapine-5187f952ac6a942006b3ce19	123	132	Drug	valproate	quetiapine	quetiapine
quetiapine-5188e50aac6a942006b3d905	67	75	ADR	sleeping	quetiapine	quetiapine
quetiapine-5188e50aac6a942006b3d905	99	120	ADR	knackered when I wake	quetiapine	quetiapine
quetiapine-51894c76ac6a942006b3de66	77	85	ADR	hungrier	quetiapine	quetiapine
quetiapine-51894c76ac6a942006b3de66	88	95	Indication	bipolar	quetiapine	quetiapine
quetiapine-518ab086ac6a942006b3ef7d	15	21	ADR	eating	quetiapine	quetiapine
quetiapine-518d6ddbac6ab35b4d481c99	68	77	ADR	biffiness	quetiapine	quetiapine
quetiapine-51abcd6053787e40790e078f	26	33	ADR	fatness	quetiapine	quetiapine
quetiapine-51abcd6053787e40790e078f	82	96	ADR	weight-gaining	quetiapine	quetiapine
quetiapine-51af03a05378f924d02f009f	18	33	ADR	sleep right now	quetiapine	quetiapine
quetiapine-51af0ae25378f924d02f00cc	54	60	ADR	drowsy	quetiapine	quetiapine
quetiapine-51af18a65378f924d02f013e	99	108	ADR	nightmare	quetiapine	quetiapine
quetiapine-51b0a9535378b9555a2ef4c1	38	56	ADR	need to sleep 24/7	quetiapine	quetiapine
quetiapine-51b0e3975378b9555a2ef699	40	48	ADR	headache	quetiapine	quetiapine
quetiapine-51ba526f5378b9555a2f28f5	1	13	ADR	restlesslegs	quetiapine	quetiapine
quetiapine-51bbce005378b9555a2f3163	109	118	ADR	hangovers	quetiapine	quetiapine
quetiapine-51be53425378b9555a2f3b31	59	71	ADR	hallucinate 	quetiapine	quetiapine
quetiapine-51bf44005378b9555a2f3fdd	25	36	ADR	gain weight	quetiapine	quetiapine
quetiapine-51c0e4f753785f584a9a7829	67	81	ADR	lucid dreaming	quetiapine	quetiapine
quetiapine-51c0e4f753785f584a9a7829	86	101	ADR	sleep paralysis	quetiapine	quetiapine
quetiapine-51c1639553785f584a9a7b79	92	98	ADR	zombie	quetiapine	quetiapine
quetiapine-51ca1d5c53785f584a9ac1e3	54	60	ADR	hungry	quetiapine	quetiapine
quetiapine-51cd8ef553785f584a9ad4e4	81	89	ADR	Sweating	quetiapine	quetiapine
quetiapine-51d0dcbf53785f584a9ae8ae	91	95	ADR	slur	quetiapine	quetiapine
quetiapine-51d1323d53785f584a9aebdc	17	27	ADR	fast pulse	quetiapine	quetiapine
quetiapine-51d49c6553785f584a9b03d8	25	45	ADR	knocked me sidewards	quetiapine	quetiapine
quetiapine-51d5ecea53785f584a9b0d16	79	93	ADR	slept horribly	quetiapine	quetiapine
quetiapine-51d6a3ec53785f584a9b10a1	54	63	ADR	zombified	quetiapine	quetiapine
quetiapine-51d6d87a53785f584a9b1133	104	112	ADR	drooling	quetiapine	quetiapine
quetiapine-51d8013753785f584a9b14e5	102	116	ADR	get out of bed	quetiapine	quetiapine
quetiapine-51d80ff453785f584a9b150e	53	58	ADR	taste	quetiapine	quetiapine
quetiapine-51d80ff453785f584a9b150f	94	123	ADR	eating incredibly differently	quetiapine	quetiapine
quetiapine-51d9d4d853785f584a9b1c06	124	129	ADR	burnt	quetiapine	quetiapine
quetiapine-51da8df853785f584a9b1f33	37	43	ADR	zombie	quetiapine	quetiapine
quetiapine-51db08a253785f584a9b2124	78	89	ADR	not stay up	quetiapine	quetiapine
quetiapine-51db1f6b53785f584a9b2208	34	43	ADR	prolactin	quetiapine	quetiapine
quetiapine-51db1f6b53785f584a9b2208	62	77	ADR	boobs humungous	quetiapine	quetiapine
rivaroxaban-51b4e53a5378b9555a2f0c87	54	63	ADR	back ache	rivaroxaban	rivaroxaban
rivaroxaban-51b75a225378b9555a2f17d3	39	48	ADR	back pain	rivaroxaban	rivaroxaban
rivaroxaban-51b75a225378b9555a2f17d3	119	123	ADR	weak	rivaroxaban	rivaroxaban
rivaroxaban-51b75a225378b9555a2f17d3	128	140	ADR	aching knees	rivaroxaban	rivaroxaban
rivaroxaban-51bbc9475378b9555a2f3156	32	41	ADR	Neck ache	rivaroxaban	rivaroxaban
rivaroxaban-51bbc9475378b9555a2f3156	52	61	ADR	back pain	rivaroxaban	rivaroxaban
rivaroxaban-51bca6655378b9555a2f3455	28	38	ADR	not hungry	rivaroxaban	rivaroxaban
rivaroxaban-51be0d1a5378b9555a2f3998	40	44	ADR	back	rivaroxaban	rivaroxaban
rivaroxaban-51be0d1a5378b9555a2f3998	49	58	ADR	knee pain	rivaroxaban	rivaroxaban
rivaroxaban-51be0d1a5378b9555a2f3998	110	125	ADR	walking painful	rivaroxaban	rivaroxaban
rivaroxaban-51bf774b5378b9555a2f4130	75	79	ADR	ache	rivaroxaban	rivaroxaban
rivaroxaban-51c10a6153785f584a9a78ed	45	58	ADR	pains in head	rivaroxaban	rivaroxaban
rivaroxaban-51c10a6153785f584a9a78ed	60	64	ADR	neck	rivaroxaban	rivaroxaban
rivaroxaban-51c10a6153785f584a9a78ed	66	70	ADR	back	rivaroxaban	rivaroxaban
rivaroxaban-51c10a6153785f584a9a78ed	72	75	ADR	hip	rivaroxaban	rivaroxaban
rivaroxaban-51c10a6153785f584a9a78ed	80	84	ADR	legs	rivaroxaban	rivaroxaban
rivaroxaban-51c255e553785f584a9a81da	37	46	ADR	neck pain	rivaroxaban	rivaroxaban
rivaroxaban-51c255e553785f584a9a81da	51	66	ADR	legs still weak	rivaroxaban	rivaroxaban
rivaroxaban-51c5089353785f584a9a91e5	82	86	ADR	pain	rivaroxaban	rivaroxaban
rivaroxaban-51c5089353785f584a9a91e5	92	107	ADR	fluid retention	rivaroxaban	rivaroxaban
rivaroxaban-51c5280353785f584a9a9289	29	35	ADR	oedema	rivaroxaban	rivaroxaban
rivaroxaban-51c5280353785f584a9a9289	44	65	ADR	musculo-skeletal pain	rivaroxaban	rivaroxaban
rivaroxaban-51ca021853785f584a9ac16c	132	138	ADR	aching	rivaroxaban	rivaroxaban
seroquel-518ce40eac6ab35b4d48153c	71	83	ADR	panic attack	seroquel	seroquel
seroquel-518d1434ac6ab35b4d4817be	89	94	ADR	tired	seroquel	seroquel
seroquel-518de18bac6ab35b4d482156	21	27	ADR	sleepy	seroquel	seroquel
seroquel-518df3a2ac6ab35b4d4821e2	44	60	ADR	boner kryptonite	seroquel	seroquel
seroquel-518f0bf7ac6ab35b4d482d4c	13	21	ADR	appetite	seroquel	seroquel
seroquel-518f35c5ac6ab35b4d482f24	33	41	ADR	munchies	seroquel	seroquel
seroquel-5191013fac6ab35b4d48418d	34	40	ADR	dreams	seroquel	seroquel
seroquel-51a8de0753787e40790df297	32	41	ADR	lethargic	seroquel	seroquel
seroquel-51a90fe553787e40790df56c	84	88	ADR	mute	seroquel	seroquel
seroquel-51aad7ff53787e40790e01dd	29	41	ADR	weird dreams	seroquel	seroquel
seroquel-51ab40de53787e40790e03c9	78	89	ADR	don't sleep	seroquel	seroquel
seroquel-51ab40de53787e40790e03c9	113	124	ADR	cant get up	seroquel	seroquel
seroquel-51adf5295378f924d02ef5b9	56	70	Indication	antidepressant	seroquel	seroquel
seroquel-51adf5295378f924d02ef5b9	71	93	ADR	knock me the fuck out 	seroquel	seroquel
seroquel-51ae18d65378f924d02ef74f	40	52	ADR	restlessness	seroquel	seroquel
seroquel-51ae18d65378f924d02ef74f	71	78	ADR	jitters	seroquel	seroquel
seroquel-51ae6f255378f924d02efb1e	53	60	Indication	anxiety	seroquel	seroquel
seroquel-51ae6f255378f924d02efb1e	113	119	ADR	zombie	seroquel	seroquel
seroquel-51ae8e8a5378f924d02efc65	38	52	ADR	knocked me out	seroquel	seroquel
seroquel-51aeb8165378f924d02efe08	21	27	ADR	sleepy	seroquel	seroquel
seroquel-51aef80e5378f924d02f004c	3	10	ADR	tremors	seroquel	seroquel
seroquel-51af15195378f924d02f0127	67	74	ADR	jolting	seroquel	seroquel
seroquel-51af15195378f924d02f0127	78	85	ADR	rocking	seroquel	seroquel
seroquel-51af5c8c5378f924d02f03d6	23	41	ADR	sleep for 12 hours	seroquel	seroquel
seroquel-51afa0845378f924d02f06e8	8	14	ADR	sleepy	seroquel	seroquel
seroquel-51b001bf5378b9555a2ef12b	81	100	ADR	gain alot of weight	seroquel	seroquel
seroquel-51b092ad5378b9555a2ef425	47	63	ADR	fucked up dreams	seroquel	seroquel
seroquel-51b1d4dd5378b9555a2efc79	97	106	ADR	psychosis	seroquel	seroquel
seroquel-51b2c1815378b9555a2f021f	96	109	ADR	feel so drink	seroquel	seroquel
seroquel-51b2c1815378b9555a2f021f	112	128	ADR	cant really walk	seroquel	seroquel
seroquel-51b2c1815378b9555a2f021f	138	147	ADR	nauseated	seroquel	seroquel
seroquel-51b2eb415378b9555a2f033f	15	34	ADR	sleep for 15+ hours	seroquel	seroquel
seroquel-51b53f105378b9555a2f0ddc	9	12	ADR	RLS	seroquel	seroquel
seroquel-51b53f105378b9555a2f0ddc	102	123	ADR	restless leg syndrome	seroquel	seroquel
seroquel-51b65e8b5378b9555a2f1345	20	26	ADR	hungry	seroquel	seroquel
seroquel-51b65e8b5378b9555a2f1345	44	50	ADR	hunger	seroquel	seroquel
seroquel-51ba34f35378b9555a2f2852	47	52	ADR	sleep	seroquel	seroquel
seroquel-51baa8645378b9555a2f2b0b	25	39	ADR	gaps in memory	seroquel	seroquel
seroquel-51bb00705378b9555a2f2c92	56	71	ADR	manic reactions	seroquel	seroquel
seroquel-51bb00705378b9555a2f2c92	81	86	ADR	angry	seroquel	seroquel
seroquel-51bb00705378b9555a2f2c92	119	125	ADR	 tired	seroquel	seroquel
seroquel-51bbefb25378b9555a2f31c6	22	37	ADR	sleep paralysis	seroquel	seroquel
seroquel-51bbefb25378b9555a2f31c6	39	46	Drug	Abilify	seroquel	seroquel
seroquel-51bbefb25378b9555a2f31c6	71	84	ADR	muscle spasms	seroquel	Abilify
seroquel-51c12a1953785f584a9a79c4	43	53	ADR	crazy town	seroquel	seroquel
seroquel-51c237e853785f584a9a8103	112	123	ADR	overheating	seroquel	seroquel
seroquel-51c27b2453785f584a9a82fb	24	35	ADR	eat so much	seroquel	seroquel
seroquel-51c2ad6b53785f584a9a8456	27	55	ADR	only let me sleep four hours	seroquel	seroquel
seroquel-51c2bd3653785f584a9a84df	59	84	ADR	make those numbers bigger	seroquel	seroquel
seroquel-51c31c0953785f584a9a8724	74	91	ADR	knocked on my ass	seroquel	seroquel
seroquel-51c756ae53785f584a9aab78	71	76	ADR	sleep	seroquel	seroquel
seroquel-51c756ae53785f584a9aab78	115	123	ADR	hangover	seroquel	seroquel
seroquel-51c7b68353785f584a9aaeeb	57	60	Indication	BPD	seroquel	seroquel
seroquel-51c7b68353785f584a9aaeeb	130	139	ADR	eat A LOT	seroquel	seroquel
seroquel-51c8633b53785f584a9ab4b5	60	63	ADR	ill	seroquel	seroquel
seroquel-51c871c153785f584a9ab546	38	61	ADR	 sleeping 18 hrs a day 	seroquel	seroquel
seroquel-51ca2b4153785f584a9ac232	95	103	ADR	retarded	seroquel	seroquel
seroquel-51ca34df53785f584a9ac251	17	33	ADR	need to be awake	seroquel	seroquel
seroquel-51cb1ac953785f584a9ac777	98	129	ADR	hardly open or close your mouth	seroquel	seroquel
seroquel-51cbd9a453785f584a9acb67	32	38	ADR	hungry	seroquel	seroquel
seroquel-51cdab9d53785f584a9ad59a	73	84	ADR	weight gain	seroquel	seroquel
seroquel-51cdc6da53785f584a9ad671	59	68	ADR	zombified	seroquel	seroquel
seroquel-51cf79f853785f584a9ae10b	74	77	ADR	RLS	seroquel	seroquel
seroquel-51cf965953785f584a9ae191	84	92	ADR	hit hard	seroquel	seroquel
seroquel-51d09e2a53785f584a9ae686	46	59	ADR	restless legs	seroquel	seroquel
seroquel-51d1367753785f584a9aebff	1	14	Indication	Schizophrenia	seroquel	seroquel
seroquel-51d1367753785f584a9aebff	60	67	ADR	tremors	seroquel	seroquel
seroquel-51d1367753785f584a9aebff	72	83	ADR	weight gain	seroquel	seroquel
seroquel-51d1367753785f584a9aebff	85	93	ADR	Diabetes	seroquel	seroquel
seroquel-51d14e3353785f584a9aecaa	27	40	Indication	Schizophrenia	seroquel	seroquel
seroquel-51d14e3353785f584a9aecaa	85	93	ADR	 tremors	seroquel	seroquel
seroquel-51d14e3353785f584a9aecaa	98	109	ADR	weight gain	seroquel	seroquel
trazodone-517fe185ac6af778c203f263	87	107	ADR	difficult to wake up	trazodone	trazodone
trazodone-518036d5ac6af778c20406ea	62	66	ADR	flat	trazodone	trazodone
trazodone-5181fc26ac6a942006b37d24	80	89	Drug	melatonin	trazodone	trazodone
trazodone-5181fc26ac6a942006b37d24	90	96	ADR	dreams	trazodone	melatonin
trazodone-518abf49ac6a942006b3f03b	31	39	Indication	insomina	trazodone	trazodone
trazodone-518abf49ac6a942006b3f03b	103	115	ADR	crazy dreams	trazodone	trazodone
trazodone-518add94ac6ab35b4d47faff	30	39	ADR	dry mouth	trazodone	trazodone
trazodone-518b975eac6ab35b4d480369	22	47	ADR	Slept through every alarm	trazodone	trazodone
trazodone-518da1f4ac6ab35b4d481edf	10	19	ADR	hangovers	trazodone	trazodone
trazodone-518ffff4ac6ab35b4d48365c	47	74	ADR	sleeping 9 hours in the day	trazodone	trazodone
trazodone-51a8ce2b53787e40790df207	21	31	ADR	withdrawal	trazodone	trazodone
trazodone-51a8ce2b53787e40790df207	41	50	ADR	confusion	trazodone	trazodone
trazodone-51a8ce2b53787e40790df207	52	65	ADR	deliriousness	trazodone	trazodone
trazodone-51a8ce2b53787e40790df207	67	79	ADR	nauesousness	trazodone	trazodone
trazodone-51a8ce2b53787e40790df207	84	92	ADR	insomnia	trazodone	trazodone
trazodone-51a8ce2b53787e40790df207	94	104	ADR	withdrawal	trazodone	trazodone
trazodone-51a97c7653787e40790df839	59	82	ADR	sleep for like 12 hours	trazodone	trazodone
trazodone-51aa697953787e40790dfe36	37	45	ADR	headache	trazodone	trazodone
trazodone-51aa697953787e40790dfe36	54	62	ADR	headache	trazodone	trazodone
trazodone-51aa697953787e40790dfe36	90	100	ADR	withdrawls	trazodone	trazodone
trazodone-51ad63c55378f924d02ef18e	72	80	ADR	hungover	trazodone	trazodone
trazodone-51ad63c55378f924d02ef18e	83	96	Indication	Sleepdisorder	trazodone	trazodone
trazodone-51ad72b85378f924d02ef219	79	85	ADR	groggy	trazodone	trazodone
trazodone-51ad72b85378f924d02ef219	107	116	ADR	wont wake	trazodone	trazodone
trazodone-51ae329a5378f924d02ef86d	25	39	ADR	horrible sleep	trazodone	trazodone
trazodone-51aff99d5378b9555a2ef0ea	13	20	ADR	yawning	trazodone	trazodone
trazodone-51b888645378b9555a2f1ec1	6	11	ADR	dream	trazodone	trazodone
trazodone-51d1a39753785f584a9aef79	20	36	ADR	just now wake up	trazodone	trazodone
tysabri-51afe2475378b9555a2ef048	70	84	ADR	brain disorder	tysabri	tysabri
tysabri-51b6eccd5378b9555a2f1614	7	20	ADR	put on weight	tysabri	tysabri
tysabri-51b6eccd5378b9555a2f1614	29	31	Indication	MS	tysabri	tysabri
tysabri-51cdfb3c53785f584a9ad7d8	27	32	ADR	itchy	tysabri	tysabri
tysabri-51cdfb3c53785f584a9ad7d8	40	52	ADR	neck was red	tysabri	tysabri
tysabri-51d0725853785f584a9ae52c	17	22	ADR	tired	tysabri	tysabri
tysabri-51d862ca53785f584a9b1636	8	15	ADR	bruises	tysabri	tysabri
venlafaxine-5176b539ac6a202953c773a8	16	27	ADR	limbs ached	venlafaxine	venlafaxine
venlafaxine-5176b539ac6a202953c773a8	38	47	ADR	shivering	venlafaxine	venlafaxine
venlafaxine-5176b539ac6a202953c773a8	121	131	ADR	withdrawal	venlafaxine	venlafaxine
venlafaxine-517f8b0bac6af778c203e1ed	33	48	ADR	Disturbed sleep	venlafaxine	venlafaxine
venlafaxine-51819bdcac6a942006b378e7	102	117	ADR	acid like trips	venlafaxine	venlafaxine
venlafaxine-5182841aac6a942006b3821b	22	28	ADR	nausea	venlafaxine	venlafaxine
venlafaxine-5182841aac6a942006b3821b	30	38	ADR	headache	venlafaxine	venlafaxine
venlafaxine-5182841aac6a942006b3821b	40	46	ADR	sweats	venlafaxine	venlafaxine
venlafaxine-5182841aac6a942006b3821b	48	60	ADR	flu symptoms	venlafaxine	venlafaxine
venlafaxine-5182841aac6a942006b3821b	67	75	ADR	diarrhea	venlafaxine	venlafaxine
venlafaxine-5182841aac6a942006b3821b	132	142	ADR	withdrawal	venlafaxine	venlafaxine
venlafaxine-5182ca52ac6a942006b38587	79	86	ADR	anxious	venlafaxine	venlafaxine
venlafaxine-5182ca52ac6a942006b38587	98	105	ADR	stomach	venlafaxine	venlafaxine
venlafaxine-5182ca52ac6a942006b38587	112	121	ADR	head pain	venlafaxine	venlafaxine
venlafaxine-5182ca52ac6a942006b38587	136	146	ADR	withdrawal	venlafaxine	venlafaxine
venlafaxine-51868ce4ac6a942006b3b33a	65	77	ADR	walking dead	venlafaxine	venlafaxine
venlafaxine-5188fb6dac6a942006b3da23	68	89	ADR	messing with my sleep	venlafaxine	venlafaxine
venlafaxine-518a4a4fac6a942006b3ea6f	90	107	ADR	wrecking my sleep	venlafaxine	venlafaxine
venlafaxine-518bdacaac6ab35b4d4807a6	29	42	ADR	mixed episode	venlafaxine	venlafaxine
venlafaxine-518bdacaac6ab35b4d4807a6	90	100	Indication	depression	venlafaxine	venlafaxine
venlafaxine-518e8d1fac6ab35b4d48281e	72	87	Indication	antidepressants	venlafaxine	venlafaxine
venlafaxine-518e8d1fac6ab35b4d48281e	124	129	ADR	nasty	venlafaxine	venlafaxine
venlafaxine-518f6a69ac6ab35b4d4830d7	75	95	ADR	increase my appetite	venlafaxine	citalopram
venlafaxine-518f6a69ac6ab35b4d4830d7	101	111	Drug	citalopram	venlafaxine	venlafaxine
venlafaxine-5190b469ac6ab35b4d483e35	12	20	ADR	hangover	venlafaxine	venlafaxine
venlafaxine-51910097ac6ab35b4d484183	58	61	ADR	cry	venlafaxine	venlafaxine
venlafaxine-51910097ac6ab35b4d484183	66	78	ADR	throw chairs	venlafaxine	venlafaxine
venlafaxine-519bf4c5ac6af7f8f08011b7	98	115	ADR	feeling like shit	venlafaxine	venlafaxine
venlafaxine-51af27055378f924d02f01c9	78	117	ADR	brain feels like its actually vibrating	venlafaxine	venlafaxine
venlafaxine-51af7dd15378f924d02f055f	61	73	ADR	Paraesthesia	venlafaxine	venlafaxine
venlafaxine-51b213525378b9555a2efe62	47	55	ADR	withdraw	venlafaxine	venlafaxine
venlafaxine-51b335fd5378b9555a2f056b	85	94	ADR	depressed	venlafaxine	venlafaxine
venlafaxine-51b335fd5378b9555a2f056b	107	118	ADR	overreacted	venlafaxine	venlafaxine
venlafaxine-51c3678a53785f584a9a8906	101	106	ADR	tired	venlafaxine	venlafaxine
venlafaxine-51c98f8553785f584a9abeec	102	113	ADR	withdrawals	venlafaxine	venlafaxine
venlafaxine-51cf656553785f584a9ae065	40	50	ADR	withdrawal	venlafaxine	venlafaxine
venlafaxine-51d06e3653785f584a9ae518	100	106	ADR	drowsy	venlafaxine	venlafaxine
venlafaxine-51d48bcc53785f584a9b0370	31	41	ADR	withdrawal	venlafaxine	venlafaxine
venlafaxine-51d52ced53785f584a9b07ff	0	28	ADR	Horrendous venlafaxine dream	venlafaxine	venlafaxine
venlafaxine-51d67e6253785f584a9b1042	53	63	ADR	withdrawal	venlafaxine	venlafaxine
viibryd-51aeaf205378f924d02efd9e	64	72	ADR	NAUSEOUS	viibryd	viibryd
vimpat-51be484f5378b9555a2f3b12	5	12	Indication	seizure	vimpat	vimpat
vimpat-51be484f5378b9555a2f3b12	65	76	ADR	withdrawals	vimpat	vimpat
vyvanse-5182c28cac6a942006b38523	32	41	ADR	palpitate	vyvanse	vyvanse
vyvanse-51acd11e53784695b04bff8a	3	16	ADR	breath smells	vyvanse	vyvanse
vyvanse-51acef9353784695b04c00a8	94	110	ADR	digestive system	vyvanse	vyvanse
vyvanse-51ad001d5378f924d02eee15	33	47	ADR	drive me crazy	vyvanse	vyvanse
vyvanse-51ad24305378f924d02eef5e	46	54	ADR	headache	vyvanse	vyvanse
vyvanse-51ad4e225378f924d02ef0df	45	57	ADR	feelin weird	vyvanse	vyvanse
vyvanse-51ad67055378f924d02ef1ad	9	23	ADR	could be tired	vyvanse	vyvanse
vyvanse-51ad67055378f924d02ef1ad	67	81	ADR	never sleeping	vyvanse	vyvanse
vyvanse-51ad77b25378f924d02ef23c	0	38	ADR	Ready for bed but vyvanse is saying no	vyvanse	vyvanse
vyvanse-51ad77b25378f924d02ef23c	40	57	ADR	forciblynocturnal	vyvanse	vyvanse
vyvanse-51ad97715378f924d02ef350	21	43	ADR	not going to go to bed	vyvanse	vyvanse
vyvanse-51adda4d5378f924d02ef4ed	69	86	ADR	stay up all night	vyvanse	vyvanse
vyvanse-51adda4d5378f924d02ef4ed	87	116	ADR	feeling like you have to poop	vyvanse	vyvanse
vyvanse-51adf2e55378f924d02ef5a5	18	21	ADR	mad	vyvanse	vyvanse
vyvanse-51ae0f655378f924d02ef6dc	86	93	ADR	anxiety	vyvanse	vyvanse
vyvanse-51ae0f655378f924d02ef6dc	111	121	ADR	irrational	vyvanse	vyvanse
vyvanse-51ae153e5378f924d02ef71c	22	31	ADR	sleepless	vyvanse	vyvanse
vyvanse-51ae153e5378f924d02ef71c	52	57	ADR	awake	vyvanse	vyvanse
vyvanse-51ae37905378f924d02ef8a7	18	21	ADR	OCD	vyvanse	vyvanse
vyvanse-51ae37905378f924d02ef8a7	75	80	ADR	wired	vyvanse	vyvanse
vyvanse-51ae4c995378f924d02ef985	59	70	ADR	mood swings	vyvanse	vyvanse
vyvanse-51ae58f85378f924d02efa1d	88	100	ADR	spazzing out	vyvanse	vyvanse
vyvanse-51ae58f85378f924d02efa1d	139	143	Indication	adhd	vyvanse	vyvanse
vyvanse-51ae6fd35378f924d02efb28	58	76	ADR	heart will explode	vyvanse	vyvanse
vyvanse-51ae7e5b5378f924d02efbc6	10	21	ADR	haven't ate	vyvanse	vyvanse
vyvanse-51ae7e5b5378f924d02efbc6	57	60	Indication	add	vyvanse	vyvanse
vyvanse-51aeaa3a5378f924d02efd3e	16	29	ADR	keeping me up	vyvanse	vyvanse
vyvanse-51aebb0e5378f924d02efe2d	30	41	ADR	no sleeping	vyvanse	vyvanse
vyvanse-51aed23c5378f924d02eff02	45	61	ADR	want to sleeeeep	vyvanse	vyvanse
vyvanse-51aed5bb5378f924d02eff34	64	71	ADR	not eat	vyvanse	vyvanse
vyvanse-51aed5f05378f924d02eff3b	41	89	ADR	food just looks/sounds/tastes fucking disgusting	vyvanse	vyvanse
vyvanse-51aed6475378f924d02eff41	52	59	ADR	nosleep	vyvanse	vyvanse
vyvanse-51af522a5378f924d02f0365	41	60	ADR	fuck with your head	vyvanse	vyvanse
vyvanse-51af68df5378f924d02f0465	19	36	ADR	fucks up my sleep	vyvanse	vyvanse
vyvanse-51af901d5378f924d02f0634	30	40	ADR	sleep less	vyvanse	vyvanse
vyvanse-51afe5765378b9555a2ef055	34	48	ADR	grind my teeth	vyvanse	vyvanse
vyvanse-51b012f25378b9555a2ef1a7	47	56	ADR	cantsleep	vyvanse	vyvanse
vyvanse-51b0273b5378b9555a2ef1ef	41	60	ADR	makes me an asshole	vyvanse	vyvanse
vyvanse-51b07e415378b9555a2ef3b7	90	100	ADR	wide awake	vyvanse	vyvanse
vyvanse-51b097bf5378b9555a2ef457	52	71	ADR	continuous shitting	vyvanse	vyvanse
vyvanse-51b09cbf5378b9555a2ef48d	9	22	ADR	back to sleep	vyvanse	vyvanse
vyvanse-51b0bb0d5378b9555a2ef581	59	72	ADR	heart stopped	vyvanse	vyvanse
vyvanse-51b0f5e45378b9555a2ef729	53	64	ADR	dehydration	vyvanse	vyvanse
vyvanse-51b17dcd5378b9555a2efa1b	102	111	ADR	wideawake	vyvanse	vyvanse
vyvanse-51b186665378b9555a2efa4c	51	60	ADR	not slept	vyvanse	vyvanse
vyvanse-51b25c935378b9555a2f00d5	0	8	Drug	Adderall	vyvanse	vyvanse
vyvanse-51b25c935378b9555a2f00d5	18	23	ADR	vomit	vyvanse	Adderall
vyvanse-51b25c935378b9555a2f00d5	45	54	ADR	migraines	vyvanse	vyvanse
vyvanse-51b2d1285378b9555a2f0263	47	55	ADR	insomnia	vyvanse	vyvanse
vyvanse-51b2d1285378b9555a2f0263	79	87	ADR	insomnia	vyvanse	vyvanse
vyvanse-51b2dbe75378b9555a2f02af	21	33	ADR	Not sleeping	vyvanse	vyvanse
vyvanse-51b32e085378b9555a2f0528	84	88	ADR	rage	vyvanse	vyvanse
vyvanse-51b384275378b9555a2f07c5	79	119	ADR	stop spending all of your income in food	vyvanse	vyvanse
vyvanse-51b3b5975378b9555a2f0881	44	54	ADR	over think	vyvanse	vyvanse
vyvanse-51b3b5975378b9555a2f0881	82	87	ADR	angry	vyvanse	vyvanse
vyvanse-51b497915378b9555a2f0b54	30	58	ADR	feel like I need to throw up	vyvanse	vyvanse
vyvanse-51b4b1765378b9555a2f0b9e	79	94	ADR	cooked my brain	vyvanse	vyvanse
vyvanse-51b53fe25378b9555a2f0de4	32	41	ADR	dry mouth	vyvanse	vyvanse
vyvanse-51b53fe25378b9555a2f0de4	73	79	ADR	saliva	vyvanse	vyvanse
vyvanse-51b57e555378b9555a2f0ee2	33	38	ADR	sleep	vyvanse	vyvanse
vyvanse-51b5b5f35378b9555a2f0f68	7	20	ADR	need to sleep	vyvanse	vyvanse
vyvanse-51b5ea1a5378b9555a2f1061	1	9	ADR	No taste	vyvanse	vyvanse
vyvanse-51b644ba5378b9555a2f12a1	27	30	ADR	OCD	vyvanse	vyvanse
vyvanse-51b646415378b9555a2f12bc	44	47	ADR	OCD	vyvanse	vyvanse
vyvanse-51b72d3c5378b9555a2f1719	0	11	ADR	All nighter	vyvanse	vyvanse
vyvanse-51b7a5fc5378b9555a2f194d	51	62	ADR	hating food	vyvanse	vyvanse
vyvanse-51b7b0235378b9555a2f1a4a	3	13	ADR	mind races	vyvanse	vyvanse
vyvanse-51b7b5fe5378b9555a2f1a6d	20	29	ADR	depressed	vyvanse	vyvanse
vyvanse-51b7c4c75378b9555a2f1ab8	44	47	ADR	OCD	vyvanse	vyvanse
vyvanse-51b7d1815378b9555a2f1b0c	63	71	ADR	addicted	vyvanse	vyvanse
vyvanse-51b847c25378b9555a2f1d40	20	28	ADR	no sleep	vyvanse	vyvanse
vyvanse-51b87a745378b9555a2f1e92	62	73	ADR	teamnosleep	vyvanse	vyvanse
vyvanse-51b8b2db5378b9555a2f2021	60	65	ADR	sleep	vyvanse	vyvanse
vyvanse-51b93b5f5378b9555a2f2364	41	48	ADR	nosleep	vyvanse	vyvanse
vyvanse-51b95afa5378b9555a2f2403	48	55	ADR	nosleep	vyvanse	vyvanse
vyvanse-51b95afa5378b9555a2f2403	57	60	Indication	add	vyvanse	vyvanse
vyvanse-51b9fe275378b9555a2f26b4	9	23	ADR	plan on eating	vyvanse	vyvanse
vyvanse-51ba3ad85378b9555a2f2871	36	41	ADR	dizzy	vyvanse	vyvanse
vyvanse-51ba3ad85378b9555a2f2871	56	66	ADR	chest hurt	vyvanse	vyvanse
vyvanse-51d4ccf753785f584a9b04db	38	62	ADR	got ten minutes of sleep	vyvanse	vyvanse
vyvanse-51e9bc2f5378704aae892973	20	28	ADR	sweating	vyvanse	vyvanse
xarelto-51b726cd5378b9555a2f16f2	95	104	ADR	Nosebleed	xarelto	xarelto
xarelto-51bd28475378b9555a2f3697	48	54	ADR	orgasm	xarelto	xarelto
ziprasidone-51900bc7ac6ab35b4d4836c6	91	116	ADR	never have another orgasm	ziprasidone	ziprasidone
zyprexa-51af80f15378f924d02f0589	65	69	ADR	coma	zyprexa	zyprexa
zyprexa-51c1f26253785f584a9a7eef	15	23	Drug	Depakote	zyprexa	zyprexa
zyprexa-51c1f26253785f584a9a7eef	37	41	ADR	flat	zyprexa	Depakote
zyprexa-51c1f26253785f584a9a7eef	77	88	ADR	weight gain	zyprexa	zyprexa
zyprexa-51c5795e53785f584a9a9479	72	91	ADR	gain so much weight	zyprexa	zyprexa
zyprexa-51c8606753785f584a9ab47f	98	116	ADR	increase my weight	zyprexa	zyprexa
zyprexa-51e988855378704aae89283d	13	26	ADR	gained 30 lbs	zyprexa	zyprexa
baclofen-518bcde3ac6ab35b4d4806e3	112	114	Indication	MS	baclofen	baclofen
baclofen-51ac51f653787e40790e0ac7	69	73	Indication	Back	baclofen	baclofen
baclofen-51ad83935378f924d02ef2a9	64	74	Indication	BackSpasms	baclofen	baclofen
cipro-518e927fac6ab35b4d482857	39	44	Indication	blood	cipro	cipro
cipro-518e927fac6ab35b4d482857	46	50	Indication	puss	cipro	cipro
cipro-518e927fac6ab35b4d482857	52	87	Indication	red n white blood cells in my urine	cipro	cipro
cipro-51bf221b5378b9555a2f3f14	50	62	Indication	tummytrouble	cipro	cipro
cymbalta-51ad5e595378f924d02ef168	43	53	Indication	depression	cymbalta	cymbalta
effexor-51be4fbc5378b9555a2f3b22	108	122	Indication	panic attacks.	effexor	effexor
enbrel-51c754bb53785f584a9aab5f	129	134	Indication	rheum	enbrel	enbrel
fluoxetine-5183a17dac6a942006b39156	82	92	Indication	depression	fluoxetine	fluoxetine
fluoxetine-51b8fc8e5378b9555a2f222e	41	61	Indication	EMOTIONALLY UNSTABLE	fluoxetine	fluoxetine
humira-51af95da5378f924d02f0677	87	93	Indication	crohns	humira	humira
humira-51af95da5378f924d02f0677	104	112	Drug	Copaxone	humira	humira
humira-51af95da5378f924d02f0677	117	119	Indication	MS	humira	humira
humira-51b45d935378b9555a2f0a76	103	112	Indication	psoriasis	humira	humira
humira-51b53df45378b9555a2f0dda	18	21	Indication	IBD	humira	humira
humira-51b53df45378b9555a2f0dda	23	29	Indication	crohns	humira	humira
humira-51b6469f5378b9555a2f12c4	78	84	Indication	crohns	humira	humira
humira-51c3306753785f584a9a87a2	59	70	Indication	spondylitis	humira	humira
humira-51c3306753785f584a9a87a2	72	78	Indication	crohns	humira	humira
humira-51d3d0a053785f584a9aff0c	72	85	Indication	crohnsdisease	humira	humira
humira-51d52ced53785f584a9b07fe	25	37	Indication	inflammation	humira	humira
lamotrigine-5175d8faac6a202953c76953	114	121	Indication	bipolar	lamotrigine	lamotrigine
lozenge-51a8496453787e40790dedfd	37	45	Indication	coughing	lozenge	lozenge
lozenge-51ad13035378f924d02eeeba	57	69	Indication	sore throats	lozenge	lozenge
lozenge-51b0f6725378b9555a2ef736	0	6	Indication	Throat	lozenge	lozenge
lozenge-51c72fca53785f584a9aa9d2	87	93	Indication	throat	lozenge	lozenge
lozenge-51c72fca53785f584a9aa9d2	98	120	Indication	relaxes ur vocal cords	lozenge	lozenge
metoprolol-51b8c9965378b9555a2f20e5	81	84	Indication	hbp	metoprolol	metoprolol
metoprolol-51b8c9965378b9555a2f20e5	87	97	Indication	heart rate	metoprolol	metoprolol
olanzapine-51bcff925378b9555a2f360a	47	52	ADR	tired	olanzapine	olanzapine
olanzapine-51bcff925378b9555a2f360a	47	52	ADR	tired	olanzapine	olanzapine
paroxetine-518dcbe3ac6ab35b4d482091	108	120	Indication	panic attack	paroxetine	paroxetine
paxil-51aa796b53787e40790dfebb	74	83	Indication	happiness	paxil	paxil
pristiq-51d6cb8353785f584a9b110f	46	61	Indication	antidepressants	pristiq	pristiq
pristiq-51d9b14653785f584a9b1b7f	123	136	Indication	Wanted to die	pristiq	pristiq
prozac-51ad40285378f924d02ef059	46	53	Indication	bipolar	prozac	prozac
rivaroxaban-51b831cc5378b9555a2f1cf6	33	41	ADR	headache	rivaroxaban	rivaroxaban
rivaroxaban-51b831cc5378b9555a2f1cf6	67	71	ADR	ache	rivaroxaban	rivaroxaban
rivaroxaban-51b831cc5378b9555a2f1cf6	79	88	ADR	back pain	rivaroxaban	rivaroxaban
rivaroxaban-51b831cc5378b9555a2f1cf6	90	100	ADR	weak knees	rivaroxaban	rivaroxaban
rivaroxaban-51b831cc5378b9555a2f1cf6	102	110	ADR	limping 	rivaroxaban	rivaroxaban
rivaroxaban-51c50c1553785f584a9a9201	100	102	Indication	BP	rivaroxaban	rivaroxaban
seroquel-51a92f7253787e40790df678	38	43	Indication	sleep	seroquel	seroquel
seroquel-51c3d69353785f584a9a8b5d	82	87	Indication	sleep	seroquel	seroquel
seroquel-51c535f753785f584a9a92de	56	67	Indication	fall asleep	seroquel	seroquel
seroquel-51c800cc53785f584a9ab185	30	35	Indication	sleep	seroquel	seroquel
trazodone-517778b9ac6af778c2036887	113	118	Indication	sleep	trazodone	trazodone
trazodone-518b1ef6ac6ab35b4d47fe03	69	79	Indication	wide awake	trazodone	trazodone
trazodone-5190575cac6ab35b4d4839da	21	26	Indication	sleep	trazodone	trazodone
trazodone-51b929e05378b9555a2f22fa	72	77	Indication	sleep	trazodone	trazodone
trazodone-51bf4b895378b9555a2f4007	74	82	Indication	insomnia	trazodone	trazodone
trazodone-51bf4b895378b9555a2f4007	84	94	Indication	depression	trazodone	trazodone
trazodone-51c9737253785f584a9abe93	107	112	Indication	sleep	trazodone	trazodone
tysabri-51b6d1935378b9555a2f15bb	137	139	Indication	ms	tysabri	tysabri
tysabri-51b7e75e5378b9555a2f1b4e	72	74	Indication	MS	tysabri	tysabri
tysabri-51be82875378b9555a2f3cc5	6	8	Indication	MS	tysabri	tysabri
venlafaxine-517cce96ac6af778c203a825	36	53	Indication	suicidal thoughts	venlafaxine	venlafaxine
venlafaxine-51bef1575378b9555a2f3e50	24	35	Drug	mirtazapine	venlafaxine	venlafaxine
venlafaxine-51bef1575378b9555a2f3e50	57	66	Indication	mood dips	venlafaxine	mirtazapine
venlafaxine-51bef1575378b9555a2f3e50	109	116	Indication	anxiety	venlafaxine	venlafaxine
ziprasidone-518710cbac6a942006b3c243	11	17	Drug	zoloft	ziprasidone	ziprasidone
ziprasidone-518710cbac6a942006b3c243	22	32	Indication	depression	ziprasidone	zoloft
ziprasidone-518710cbac6a942006b3c243	57	72	Indication	mood stabilizer	ziprasidone	ziprasidone
ziprasidone-518710cbac6a942006b3c243	77	84	Indication	anxiety	ziprasidone	ziprasidone
zyprexa-51c63e2653785f584a9aa1b8	92	98	Indication	nausea	zyprexa	zyprexa
zyprexa-51c63e2653785f584a9aa1b8	125	132	Indication	crazies	zyprexa	zyprexa
vyvanse-51b4f4995378b9555a2f0cd3	62	68	ADR	shakes	vyvanse	vyvanse
humira-51ca547053785f584a9ac2fe	43	45	Indication	ra	humira	humira
humira-51cf73bd53785f584a9ae0d6	125	127	Indication	ra	humira	humira
seroquel-518e6ab0ac6ab35b4d482646	62	83	ADR	stacked on the weight	seroquel	seroquel
seroquel-51ce32b353785f584a9ad8d2	32	47	ADR	feel like death	seroquel	seroquel
venlafaxine-5180d699ac6af778c20417bb	50	70	ADR	screwing up my sleep	venlafaxine	venlafaxine
venlafaxine-5180d699ac6af778c20417bb	119	129	Indication	depression	venlafaxine	venlafaxine
viibryd-51bb45b45378b9555a2f2e67	12	20	ADR	nauseous	viibryd	viibryd
baclofen-51cf171953785f584a9ade67	43	54	ADR	can't sleep	baclofen	baclofen
cipro-51ac8a5a53787e40790e0bd1	23	41	ADR	killing"  my tummy	cipro	cipro
effexor-51d0c66c53785f584a9ae7e5	62	96	ADR	feel like you're on your death bed	effexor	effexor
geodon-51913c5fac6ad74cd505f137	34	76	ADR	Potato Drug bcuz that's what I looked like	geodon	geodon
lamotrigine-517c1d75ac6af778c2039dea	117	128	ADR	won't sleep	lamotrigine	lamotrigine
vyvanse-51ae09cb5378f924d02ef695	24	42	ADR	didn't eat a thing	vyvanse	vyvanse
vyvanse-51ae92d85378f924d02efc82	0	28	ADR	can't even enjoy this banana	vyvanse	vyvanse
vyvanse-51b17fb25378b9555a2efa25	18	48	ADR	doesn't care about my bed time	vyvanse	vyvanse
vyvanse-51b492db5378b9555a2f0b28	84	104	ADR	couldn't fall asleep	vyvanse	vyvanse
vyvanse-51b5eeb85378b9555a2f1071	28	37	ADR	don't eat	vyvanse	vyvanse
vyvanse-51b84f225378b9555a2f1d5b	48	61	ADR	can't sleeeep	vyvanse	vyvanse
vyvanse-51b8cb585378b9555a2f20fc	72	94	ADR	can't go back to sleep	vyvanse	vyvanse
avelox-518bead9ac6ab35b4d48089b	30	62	ADR	Central nervous system breakdown	avelox	avelox
cipro-518bdbfcac6ab35b4d4807b8	102	112	ADR	tendonitis	cipro	cipro
cipro-51a89de253787e40790df048	23	30	ADR	vampire	cipro	cipro
cipro-51ad1e605378f924d02eef20	86	99	ADR	septic c diff	cipro	cipro
cipro-51b1298c5378b9555a2ef850	57	66	ADR	Can't run	cipro	cipro
cipro-51c874ef53785f584a9ab55a	98	106	ADR	CRIPPLED	cipro	cipro
cipro-51cf73da53785f584a9ae0da	39	44	ADR	dying	cipro	cipro
cymbalta-518d50a1ac6ab35b4d481b23	67	140	ADR	might notice if I got hit in the crotch w/ a lance in a jousting accident	cymbalta	cymbalta
cymbalta-518d8f2dac6ab35b4d481e38	54	64	ADR	discomfort	cymbalta	cymbalta
cymbalta-518f0dd9ac6ab35b4d482d67	21	40	ADR	Stress Incontinence	cymbalta	cymbalta
cymbalta-518f0dd9ac6ab35b4d482d67	62	94	ADR	 like Niagara Falls when I cough	cymbalta	cymbalta
cymbalta-5190ec6cac6ab35b4d484077	131	142	ADR	withdrawals	cymbalta	cymbalta
cymbalta-51ad193f5378f924d02eeef3	46	68	ADR	heart started lurching	cymbalta	cymbalta
cymbalta-51ad2c7d5378f924d02eefad	0	25	ADR	Coming off cymbalta SUCKS	cymbalta	cymbalta
cymbalta-51ae14705378f924d02ef70b	30	55	ADR	Getting off of it is HELL	cymbalta	cymbalta
cymbalta-51aff8e25378b9555a2ef0e3	91	100	ADR	interacts	cymbalta	cymbalta
cymbalta-51aff8e25378b9555a2ef0e3	115	136	Drug	testosterone blockers	cymbalta	cymbalta
effexor-51ad59785378f924d02ef143	127	138	ADR	lightheaded	effexor	effexor
effexor-51c3ed8153785f584a9a8c39	14	40	ADR	feeling like a train wreck	effexor	effexor
effexor-51c3ed8153785f584a9a8c39	42	50	ADR	tweaking	effexor	effexor
effexor-51c96b9053785f584a9abe56	8	14	ADR	dreams	effexor	effexor
effient-51c21f6b53785f584a9a8031	120	132	ADR	 bloodbath	effient	effient
enbrel-51bb29c95378b9555a2f2dad	24	28	ADR	rash	enbrel	enbrel
fluoxetine-517b83dfac6af778c20397f6	57	62	ADR	drunk	fluoxetine	fluoxetine
fluoxetine-5189cdd8ac6a942006b3e57d	27	34	ADR	BURPING	fluoxetine	fluoxetine
fluoxetine-51912aa0ac6ab35b4d48440a	55	69	ADR	lose my temper	fluoxetine	fluoxetine
fluoxetine-51ae68ca5378f924d02efac3	0	22	ADR	Restless Leg Syndrome 	fluoxetine	fluoxetine
fluoxetine-51c4138f53785f584a9a8cf8	25	30	ADR	dream	fluoxetine	fluoxetine
fluoxetine-51c5957253785f584a9a9501	47	61	ADR	feel like shit	fluoxetine	fluoxetine
fluoxetine-51d83c2453785f584a9b1591	13	19	ADR	sweaty	fluoxetine	fluoxetine
fluoxetine-51d83c2453785f584a9b1591	31	37	ADR	addict	fluoxetine	fluoxetine
geodon-518afdfcac6ab35b4d47fc75	110	114	ADR	hurt	geodon	geodon
geodon-51c83ad353785f584a9ab309	45	51	ADR	sleepy	geodon	geodon
humira-51aced9c53784695b04c0090	15	23	Drug	Remicade	humira	humira
humira-51aced9c53784695b04c0090	107	115	ADR	reaction	humira	Remicade
humira-51ad8dab5378f924d02ef2fd	13	31	ADR	lost effectiveness	humira	humira
humira-51ad8e2f5378f924d02ef302	49	57	Drug	Remicaid	humira	humira
humira-51ad8e2f5378f924d02ef302	77	84	ADR	beat up	humira	Remicaid
humira-51b0003e5378b9555a2ef113	70	76	Indication	crohns	humira	humira
humira-51b0003e5378b9555a2ef113	90	93	Indication	IBD	humira	humira
humira-51b0003e5378b9555a2ef113	95	103	ADR	hairloss	humira	humira
humira-51b924e45378b9555a2f22e9	103	110	ADR	hurting	humira	humira
humira-51c642da53785f584a9aa1d6	13	17	ADR	hurt	humira	humira
humira-51c642da53785f584a9aa1d6	69	74	Indication	rheum	humira	humira
humira-51c7563d53785f584a9aab72	36	47	ADR	after-sting	humira	humira
humira-51c7563d53785f584a9aab72	113	118	Indication	rheum	humira	humira
humira-51c8a25053785f584a9ab735	64	71	Indication	Crohn's	humira	humira
humira-51c8a25053785f584a9ab735	75	89	ADR	felt like acid	humira	humira
humira-51c8a25053785f584a9ab735	125	136	ADR	lupus flare	humira	humira
humira-51c9a82653785f584a9abf7e	96	102	Indication	crohns	humira	humira
humira-51c9a82653785f584a9abf7e	104	112	ADR	hairloss	humira	humira
humira-51c9a82653785f584a9abf7e	114	132	Indication	autoimmune disease	humira	humira
humira-51c9c1ff53785f584a9abfe2	33	40	ADR	painful	humira	humira
humira-51c9c1ff53785f584a9abfe2	42	48	Indication	crohns	humira	humira
humira-51ca51ee53785f584a9ac2ee	98	103	ADR	hurts	humira	humira
humira-51ca58c153785f584a9ac321	71	75	ADR	pain	humira	humira
humira-51ca58c153785f584a9ac321	86	91	Indication	rheum	humira	humira
humira-51d06e3653785f584a9ae519	67	75	ADR	wear-off	humira	humira
humira-51d06e3653785f584a9ae519	115	120	Indication	rheum	humira	humira
humira-51d0733e53785f584a9ae537	7	12	ADR	sting	humira	humira
humira-51d2c4ee53785f584a9af7d4	113	118	ADR	lung 	humira	humira
humira-51d2c4ee53785f584a9af7d4	132	138	Indication	Crohns	humira	humira
lamictal-5176c268ac6a202953c7749b	131	137	ADR	raging	lamictal	lamictal
lamictal-51b07c5a5378b9555a2ef39d	77	81	ADR	rash	lamictal	lamictal
lamictal-51b5e6fb5378b9555a2f1057	65	69	ADR	rash	lamictal	lamictal
lamictal-51bb5f3c5378b9555a2f2f28	95	112	ADR	allergic reaction	lamictal	lamictal
lamictal-51bee5155378b9555a2f3e1e	106	120	ADR	gaining weight	lamictal	lamictal
lamictal-51c1da4f53785f584a9a7e5a	9	12	ADR	nap	lamictal	lamictal
lamotrigine-517e945fac6af778c203d13c	38	47	ADR	headaches	lamotrigine	lamotrigine
lamotrigine-5187a0e5ac6a942006b3ca2a	31	46	ADR	hyper-sensitive	lamotrigine	lamotrigine
lamotrigine-5187a0e5ac6a942006b3ca2a	100	107	Indication	bipolar	lamotrigine	lamotrigine
lamotrigine-51d6093353785f584a9b0e2b	0	17	ADR	Allergic reaction	lamotrigine	lamotrigine
lamotrigine-51d6095853785f584a9b0e2c	0	17	ADR	Allergic reaction	lamotrigine	lamotrigine
lamotrigine-51d6095c53785f584a9b0e2f	0	17	ADR	Allergic reaction	lamotrigine	lamotrigine
lamotrigine-51d6099453785f584a9b0e30	0	17	ADR	Allergic reaction	lamotrigine	lamotrigine
lamotrigine-51d6099453785f584a9b0e31	0	17	ADR	Allergic reaction	lamotrigine	lamotrigine
levaquin-51c5be2753785f584a9a9a3f	16	36	ADR	cannot be in the sun	levaquin	levaquin
levaquin-51c5be7753785f584a9a9a53	35	55	ADR	cannot be in the sun	levaquin	levaquin
lozenge-51b3e0725378b9555a2f08ff	19	38	ADR	CANT FEEL MY THROAT	lozenge	lozenge
lozenge-51bc853e5378b9555a2f3387	27	34	ADR	sweatin	lozenge	lozenge
lozenge-51c1907a53785f584a9a7c31	62	74	Indication	SORE THROATS	lozenge	lozenge
lozenge-51c1907a53785f584a9a7c31	85	103	ADR	CANT FEEL MY MOUTH	lozenge	lozenge
lozenge-51c8a20d53785f584a9ab730	112	121	ADR	addiction	lozenge	lozenge
lozenge-51c9c4a653785f584a9abff0	112	121	ADR	addiction	lozenge	lozenge
nicotine-51a7f9f053787e40790deb81	33	38	ADR	cough	nicotine	nicotine
nicotine-51a80bd953787e40790dec1c	29	37	ADR	CRAVINGS	nicotine	nicotine
ofloxacin-517c0dfeac6af778c2039cfe	24	32	ADR	sweating	ofloxacin	ofloxacin
olanzapine-517a8d35ac6af778c2038b5c	91	97	ADR	weight	olanzapine	olanzapine
olanzapine-517c1c4dac6af778c2039dd7	85	93	ADR	restless	olanzapine	olanzapine
olanzapine-518e3989ac6ab35b4d48240e	25	36	ADR	weight gain	olanzapine	olanzapine
olanzapine-51bb6f145378b9555a2f2fa6	47	59	ADR	slept aw day	olanzapine	olanzapine
olanzapine-51bb6f145378b9555a2f2fa6	74	84	ADR	torn faced	olanzapine	olanzapine
olanzapine-51bb6f145378b9555a2f2fa6	115	127	ADR	Swollen feet	olanzapine	olanzapine
olanzapine-51cf727053785f584a9ae0b7	99	124	ADR	symptoms of schizophrenia	olanzapine	olanzapine
olanzapine-51d5eb1353785f584a9b0cdb	30	43	ADR	restless legs	olanzapine	olanzapine
paroxetine-517a60a7ac6af778c2038994	117	131	ADR	pinsandneedles	paroxetine	paroxetine
paroxetine-51c2347a53785f584a9a80e8	113	120	ADR	plateau	paroxetine	paroxetine
paxil-518c8e22ac6ab35b4d4811ea	28	57	ADR	you are so Horny and I am NOT	paxil	paxil
paxil-518d7710ac6ab35b4d481d0f	78	99	ADR	hide in the apartment	paxil	paxil
paxil-51c3a7a553785f584a9a8a82	48	57	ADR	addictive	paxil	paxil
paxil-51c616c153785f584a9aa041	48	58	ADR	terrifying	paxil	paxil
paxil-51d5b7e053785f584a9b0bfa	87	96	ADR	impotency	paxil	paxil
pregabalin-518d68b4ac6ab35b4d481c58	47	57	Indication	bipolar II	pregabalin	pregabalin
pregabalin-518d68b4ac6ab35b4d481c58	79	86	ADR	numbing	pregabalin	Prozac
pregabalin-518d68b4ac6ab35b4d481c58	96	102	Drug	Prozac	pregabalin	pregabalin
prozac-51a8d67d53787e40790df255	64	73	ADR	tolerance	prozac	prozac
prozac-51ae568d5378f924d02efa03	129	140	ADR	dries mouth	prozac	prozac
quetiapine-5187f99bac6a942006b3ce1b	61	73	ADR	not sleeping	quetiapine	quetiapine
quetiapine-51b8d7b15378b9555a2f2167	29	34	ADR	weird	quetiapine	quetiapine
quetiapine-51d0732153785f584a9ae534	45	84	ADR	not dangerous but it is damn unpleasant	quetiapine	quetiapine
quetiapine-51d07c3453785f584a9ae579	58	80	ADR	able to sleep at night	quetiapine	quetiapine
quetiapine-51d206ca53785f584a9af2a9	127	138	ADR	withdrawals	quetiapine	quetiapine
quetiapine-51d89b7553785f584a9b1761	103	118	ADR	sleep 12+ hours	quetiapine	quetiapine
quetiapine-51d9ebea53785f584a9b1ca1	28	46	ADR	increased appetite	quetiapine	quetiapine
quetiapine-51d9ebea53785f584a9b1ca1	51	59	ADR	cravings	quetiapine	quetiapine
quetiapine-51db270c53785f584a9b222e	54	70	ADR	prolactin levels	quetiapine	quetiapine
quetiapine-51db270c53785f584a9b222e	82	97	ADR	boobs humungous	quetiapine	quetiapine
rivaroxaban-51baac6c5378b9555a2f2b1b	24	28	ADR	neck	rivaroxaban	rivaroxaban
rivaroxaban-51baac6c5378b9555a2f2b1b	33	44	ADR	should ache	rivaroxaban	rivaroxaban
rivaroxaban-51baac6c5378b9555a2f2b1b	52	61	ADR	back pain	rivaroxaban	rivaroxaban
rivaroxaban-51baac6c5378b9555a2f2b1b	66	75	ADR	knee ache	rivaroxaban	rivaroxaban
rivaroxaban-51bac74d5378b9555a2f2b87	126	135	ADR	back pain	rivaroxaban	rivaroxaban
saphris-51c4614e53785f584a9a8e52	105	119	ADR	lost 10 pounds	saphris	saphris
seroquel-518b513fac6ab35b4d48002f	0	14	ADR	Slept 11 hours	seroquel	seroquel
seroquel-518bc74fac6ab35b4d480662	42	53	ADR	Slow Turtle	seroquel	seroquel
seroquel-518dcdabac6ab35b4d4820a1	35	48	ADR	gotta wake up	seroquel	seroquel
seroquel-518e1863ac6ab35b4d4822f1	102	114	ADR	dissociation	seroquel	seroquel
seroquel-51906a9eac6ab35b4d483a93	62	70	ADR	sedated 	seroquel	seroquel
seroquel-51906a9eac6ab35b4d483a93	85	96	ADR	unconscious	seroquel	seroquel
seroquel-51a9a88a53787e40790df925	62	82	ADR	don't want to get up	seroquel	seroquel
seroquel-51ae367e5378f924d02ef89a	50	59	ADR	17h sleep	seroquel	seroquel
seroquel-51ae3c9c5378f924d02ef8da	81	101	ADR	tolerance to the sun	seroquel	seroquel
seroquel-51b9419c5378b9555a2f2380	40	44	ADR	coma	seroquel	seroquel
seroquel-51b9812f5378b9555a2f247b	40	47	ADR	floatin	seroquel	seroquel
seroquel-51bb27b65378b9555a2f2d98	60	71	ADR	convulsions	seroquel	seroquel
seroquel-51bb27b65378b9555a2f2d98	73	78	ADR	fever	seroquel	seroquel
seroquel-51bb27b65378b9555a2f2d98	80	95	ADR	toxic reactions	seroquel	seroquel
seroquel-51bb27b65378b9555a2f2d98	97	116	ADR	psychotic reactions	seroquel	seroquel
seroquel-51bb444b5378b9555a2f2e59	73	78	ADR	loopy	seroquel	seroquel
seroquel-51bb444b5378b9555a2f2e59	82	97	Indication	anti-psychotics	seroquel	seroquel
seroquel-51bb45f15378b9555a2f2e6b	120	129	ADR	gained 50	seroquel	seroquel
seroquel-51be11a85378b9555a2f39c9	85	106	ADR	knocks you outttttttt	seroquel	seroquel
seroquel-51c2bfc453785f584a9a84fb	98	103	ADR	mania	seroquel	seroquel
seroquel-51c2bfc453785f584a9a84fb	114	121	Drug	lamitol	seroquel	lamitol
seroquel-51c3b83253785f584a9a8ae2	42	51	ADR	addictive	seroquel	seroquel
seroquel-51c85cf053785f584a9ab45f	82	95	ADR	diabetes risk	seroquel	seroquel
seroquel-51c9134153785f584a9abba0	20	26	Drug	ambien	seroquel	seroquel
seroquel-51c9134153785f584a9abba0	35	44	ADR	addictive	seroquel	ambien
seroquel-51ce776d53785f584a9ada55	103	113	ADR	hotflashes	seroquel	seroquel
trazodone-5181a2f6ac6a942006b37951	63	74	Drug	nasal spray	trazodone	trazodone
trazodone-5181a2f6ac6a942006b37951	90	94	ADR	drip	trazodone	nasal spray
trazodone-5183bfeeac6a942006b3929a	0	105	ADR	last night I was a mermaid and then a wizard who had to save the world while being hunted by the japanese	trazodone	trazodone
trazodone-51ba1c1f5378b9555a2f2776	62	70	ADR	priapism	trazodone	trazodone
trazodone-51cce06a53785f584a9ad13b	70	83	ADR	vision blurry	trazodone	trazodone
trazodone-51d8e19253785f584a9b186d	113	117	ADR	bone	trazodone	trazodone
trazodone-51d941d053785f584a9b1982	3	12	ADR	tolerance	trazodone	trazodone
tysabri-518cf4b3ac6ab35b4d481623	80	92	ADR	resisting it	tysabri	tysabri
tysabri-51a97e4d53787e40790df842	45	50	ADR	tired	tysabri	tysabri
tysabri-51a97e4d53787e40790df842	55	64	ADR	out of it	tysabri	tysabri
tysabri-51b5053f5378b9555a2f0d23	26	35	ADR	knee pain	tysabri	tysabri
tysabri-51d06db753785f584a9ae512	12	18	ADR	energy	tysabri	tysabri
tysabri-51d06db753785f584a9ae512	113	115	Indication	MS	tysabri	tysabri
venlafaxine-517be496ac6af778c2039b2b	47	57	ADR	nightmares	venlafaxine	venlafaxine
venlafaxine-517be496ac6af778c2039b2b	65	90	ADR	coming of it was horrific	venlafaxine	venlafaxine
venlafaxine-51867d96ac6a942006b3b18a	65	79	ADR	15 hours sleep	venlafaxine	venlafaxine
venlafaxine-51867d96ac6a942006b3b18a	114	128	Indication	rollercoastery	venlafaxine	venlafaxine
venlafaxine-51abcaf753787e40790e077a	67	103	ADR	sprayed hairspray all over my tongue	venlafaxine	venlafaxine
venlafaxine-51d07cf653785f584a9ae584	56	64	ADR	sedative	venlafaxine	venlafaxine
venlafaxine-51d6e7c953785f584a9b1146	81	133	ADR	sucked going from 100mg Desvenlafaxine / day to zero	venlafaxine	venlafaxine
viibryd-51b32dc95378b9555a2f0524	35	47	ADR	vision shake	viibryd	viibryd
vyvanse-51ad6ad95378f924d02ef1d5	26	49	ADR	remembered what food is	vyvanse	vyvanse
vyvanse-51ae4e255378f924d02ef997	14	17	ADR	eat	vyvanse	vyvanse
vyvanse-51aeca4b5378f924d02efeb9	84	87	ADR	OCD	vyvanse	vyvanse
vyvanse-51aedef45378f924d02eff7e	55	64	ADR	stressful	vyvanse	vyvanse
vyvanse-51af6ff75378f924d02f04a7	38	45	ADR	sweatin	vyvanse	vyvanse
vyvanse-51af7f135378f924d02f0570	27	39	ADR	cotton mouth	vyvanse	vyvanse
vyvanse-51b022fe5378b9555a2ef1e9	23	31	ADR	addicted	vyvanse	vyvanse
vyvanse-51b09a7b5378b9555a2ef475	56	64	ADR	negative	vyvanse	vyvanse
vyvanse-51b672645378b9555a2f13d8	17	31	ADR	think too much	vyvanse	vyvanse
vyvanse-51b675505378b9555a2f13f1	31	45	ADR	think too much	vyvanse	vyvanse
vyvanse-51b6794e5378b9555a2f13ff	31	46	ADR	think too much 	vyvanse	vyvanse
vyvanse-51b73cf15378b9555a2f1758	17	25	ADR	tolerant	vyvanse	vyvanse
vyvanse-51b888ca5378b9555a2f1ec8	27	47	ADR	talk a mile a minute	vyvanse	vyvanse
vyvanse-51b8c94e5378b9555a2f20df	42	48	ADR	addict	vyvanse	vyvanse
